999
dxfrw 0.6.3
  0
SECTION
  2
HEADER
  9
$ACADVER
  1
AC1021
  9
$DWGCODEPAGE
  3
ANSI_1252
  9
$INSBASE
 10
0
 20
0
 30
0
  9
$EXTMIN
 10
0
 20
0
 30
0
  9
$EXTMAX
 10
400
 20
400
 30
0
  9
$LIMMIN
 10
0
 20
0
  9
$LIMMAX
 10
420
 20
297
  9
$ORTHOMODE
 70
    0
  9
$REGENMODE
 70
    1
  9
$FILLMODE
 70
    1
  9
$QTEXTMODE
 70
    0
  9
$MIRRTEXT
 70
    1
  9
$LTSCALE
 40
1
  9
$ATTMODE
 70
    1
  9
$TEXTSIZE
 40
2.5
  9
$TRACEWID
 40
1
  9
$TEXTSTYLE
  7
Standard
  9
$CLAYER
  8
0
  9
$CELTYPE
  6
ByLayer
  9
$CECOLOR
 62
  256
  9
$CELTSCALE
 40
1
  9
$DISPSILH
 70
    0
  9
$DIMSCALE
 40
1
  9
$DIMASZ
 40
2.5
  9
$DIMEXO
 40
0.625
  9
$DIMDLI
 40
3.75
  9
$DIMRND
 40
0
  9
$DIMDLE
 40
0
  9
$DIMEXE
 40
1.25
  9
$DIMTP
 40
0
  9
$DIMTM
 40
0
  9
$DIMTXT
 40
2.5
  9
$DIMCEN
 40
2.5
  9
$DIMTSZ
 40
0
  9
$DIMTOL
 70
    0
  9
$DIMLIM
 70
    0
  9
$DIMTIH
 70
    0
  9
$DIMTOH
 70
    0
  9
$DIMSE1
 70
    0
  9
$DIMSE2
 70
    0
  9
$DIMTAD
 70
    1
  9
$DIMZIN
 70
    8
  9
$DIMBLK
  1

  9
$DIMASO
 70
    1
  9
$DIMSHO
 70
    1
  9
$DIMPOST
  1

  9
$DIMAPOST
  1

  9
$DIMALT
 70
    0
  9
$DIMALTD
 70
    3
  9
$DIMALTF
 40
0.03937007874
  9
$DIMLFAC
 40
1
  9
$DIMTOFL
 70
    1
  9
$DIMTVP
 40
0
  9
$DIMTIX
 70
    0
  9
$DIMSOXD
 70
    0
  9
$DIMSAH
 70
    0
  9
$DIMBLK1
  1

  9
$DIMBLK2
  1

  9
$DIMSTYLE
  2
ISO-25
  9
$DIMCLRD
 70
    0
  9
$DIMCLRE
 70
    0
  9
$DIMCLRT
 70
    0
  9
$DIMTFAC
 40
1
  9
$DIMGAP
 40
0.625
  9
$DIMJUST
 70
    0
  9
$DIMSD1
 70
    0
  9
$DIMSD2
 70
    0
  9
$DIMTOLJ
 70
    0
  9
$DIMTZIN
 70
    8
  9
$DIMALTZ
 70
    0
  9
$DIMALTTZ
 70
    0
  9
$DIMUPT
 70
    0
  9
$DIMDEC
 70
    2
  9
$DIMTDEC
 70
    2
  9
$DIMALTU
 70
    2
  9
$DIMALTTD
 70
    3
  9
$DIMTXSTY
  7
Standard
  9
$DIMAUNIT
 70
    0
  9
$DIMADEC
 70
    0
  9
$DIMALTRND
 40
0
  9
$DIMAZIN
 70
    0
  9
$DIMDSEP
 70
   44
  9
$DIMATFIT
 70
    3
  9
$DIMFRAC
 70
    0
  9
$DIMLDRBLK
  1

  9
$DIMLUNIT
 70
    2
  9
$DIMLWD
 70
   -2
  9
$DIMLWE
 70
   -2
  9
$DIMTMOVE
 70
    0
  9
$DIMFXL
 40
1
  9
$DIMFXLON
 70
    0
  9
$DIMJOGANG
 40
0.785398163397
  9
$DIMTFILL
 70
    0
  9
$DIMTFILLCLR
 70
    0
  9
$DIMARCSYM
 70
    0
  9
$DIMLTYPE
  6

  9
$DIMLTEX1
  6

  9
$DIMLTEX2
  6

  9
$LUNITS
 70
    2
  9
$LUPREC
 70
    3
  9
$SKETCHINC
 40
1
  9
$FILLETRAD
 40
10
  9
$AUNITS
 70
    0
  9
$AUPREC
 70
    2
  9
$MENU
  1
.
  9
$ELEVATION
 40
0
  9
$PELEVATION
 40
0
  9
$THICKNESS
 40
0
  9
$LIMCHECK
 70
    0
  9
$CHAMFERA
 40
0
  9
$CHAMFERB
 40
0
  9
$CHAMFERC
 40
0
  9
$CHAMFERD
 40
0
  9
$SKPOLY
 70
    0
  9
$USRTIMER
 70
    1
  9
$ANGBASE
 50
0
  9
$ANGDIR
 70
    0
  9
$PDMODE
 70
    0
  9
$PDSIZE
 40
0
  9
$PLINEWID
 40
0
  9
$SPLFRAME
 70
    0
  9
$SPLINETYPE
 70
    6
  9
$SPLINESEGS
 70
    8
  9
$HANDSEED
  5
20000
  9
$SURFTAB1
 70
    6
  9
$SURFTAB2
 70
    6
  9
$SURFTYPE
 70
    6
  9
$SURFU
 70
    6
  9
$SURFV
 70
    6
  9
$UCSBASE
  2

  9
$UCSNAME
  2

  9
$UCSORG
 10
0
 20
0
 30
0
  9
$UCSXDIR
 10
1
 20
0
 30
0
  9
$UCSYDIR
 10
0
 20
1
 30
0
  9
$UCSORTHOREF
  2

  9
$UCSORTHOVIEW
 70
    0
  9
$UCSORGTOP
 10
0
 20
0
 30
0
  9
$UCSORGBOTTOM
 10
0
 20
0
 30
0
  9
$UCSORGLEFT
 10
0
 20
0
 30
0
  9
$UCSORGRIGHT
 10
0
 20
0
 30
0
  9
$UCSORGFRONT
 10
0
 20
0
 30
0
  9
$UCSORGBACK
 10
0
 20
0
 30
0
  9
$PUCSBASE
  2

  9
$PUCSNAME
  2

  9
$PUCSORG
 10
0
 20
0
 30
0
  9
$PUCSXDIR
 10
1
 20
0
 30
0
  9
$PUCSYDIR
 10
0
 20
1
 30
0
  9
$PUCSORTHOREF
  2

  9
$PUCSORTHOVIEW
 70
    0
  9
$PUCSORGTOP
 10
0
 20
0
 30
0
  9
$PUCSORGBOTTOM
 10
0
 20
0
 30
0
  9
$PUCSORGLEFT
 10
0
 20
0
 30
0
  9
$PUCSORGRIGHT
 10
0
 20
0
 30
0
  9
$PUCSORGFRONT
 10
0
 20
0
 30
0
  9
$PUCSORGBACK
 10
0
 20
0
 30
0
  9
$USERI1
 70
    0
  9
$USERI2
 70
    0
  9
$USERI3
 70
    0
  9
$USERI4
 70
    0
  9
$USERI5
 70
    0
  9
$USERR1
 40
0
  9
$USERR2
 40
0
  9
$USERR3
 40
0
  9
$USERR4
 40
0
  9
$USERR5
 40
0
  9
$WORLDVIEW
 70
    1
  9
$SHADEDGE
 70
    3
  9
$SHADEDIF
 70
   70
  9
$TILEMODE
 70
    1
  9
$MAXACTVP
 70
   64
  9
$PINSBASE
 10
0
 20
0
 30
0
  9
$PLIMCHECK
 70
    0
  9
$PEXTMIN
 10
1e+20
 20
1e+20
 30
1e+20
  9
$PEXTMAX
 10
-1e+20
 20
-1e+20
 30
-1e+20
  9
$GRIDMODE
 70
    1
  9
$SNAPSTYLE
 70
    0
  9
$PLIMMIN
 10
0
 20
0
  9
$PLIMMAX
 10
420
 20
297
  9
$UNITMODE
 70
    0
  9
$VISRETAIN
 70
    1
  9
$PLINEGEN
 70
    0
  9
$PSLTSCALE
 70
    1
  9
$TREEDEPTH
 70
 3020
  9
$CMLSTYLE
  2
Standard
  9
$CMLJUST
 70
    0
  9
$CMLSCALE
 40
20
  9
$PROXYGRAPHICS
 70
    1
  9
$MEASUREMENT
 70
    1
  9
$CELWEIGHT
370
   -1
  9
$ENDCAPS
280
    0
  9
$JOINSTYLE
280
    0
  9
$LWDISPLAY
290
    0
  9
$INSUNITS
 70
    6
  9
$HYPERLINKBASE
  1

  9
$STYLESHEET
  1

  9
$XEDIT
290
    1
  9
$CEPSNTYPE
380
    0
  9
$PSTYLEMODE
290
    1
  9
$EXTNAMES
290
    1
  9
$PSVPSCALE
 40
0
  9
$OLESTARTUP
290
    0
  9
$SORTENTS
280
  127
  9
$INDEXCTL
280
    0
  9
$HIDETEXT
280
    1
  9
$XCLIPFRAME
290
    1
  9
$HALOGAP
280
    0
  9
$OBSCOLOR
 70
  257
  9
$OBSLTYPE
280
    0
  9
$INTERSECTIONDISPLAY
280
    0
  9
$INTERSECTIONCOLOR
 70
  257
  9
$DIMASSOC
280
    2
  9
$PROJECTNAME
  1

  9
$CAMERADISPLAY
290
    0
  9
$LENSLENGTH
 40
50
  9
$CAMERAHEIGHT
 40
0
  9
$STEPSPERSEC
 40
24
  9
$STEPSIZE
 40
100
  9
$3DDWFPREC
 40
2
  9
$PSOLWIDTH
 40
0.005
  9
$PSOLHEIGHT
 40
0.08
  9
$LOFTANG1
 40
1.570796326795
  9
$LOFTANG2
 40
1.570796326795
  9
$LOFTMAG1
 40
0
  9
$LOFTMAG2
 40
0
  9
$LOFTPARAM
 70
    7
  9
$LOFTNORMALS
280
    1
  9
$LATITUDE
 40
37.795
  9
$LONGITUDE
 40
-122.394
  9
$NORTHDIRECTION
 40
0
  9
$TIMEZONE
 70
-8000
  9
$LIGHTGLYPHDISPLAY
280
    1
  9
$TILEMODELIGHTSYNCH
280
    1
  9
$SOLIDHIST
280
    0
  9
$SHOWHIST
280
    1
  9
$DWFFRAME
280
    2
  9
$DGNFRAME
280
    2
  9
$REALWORLDSCALE
290
    1
  9
$INTERFERECOLOR
 62
  256
  9
$CSHADOW
280
    0
  9
$SHADOWPLANELOCATION
 40
0
  0
ENDSEC
  0
SECTION
  2
CLASSES
  0
ENDSEC
  0
SECTION
  2
TABLES
  0
TABLE
  2
VPORT
  5
8
330
0
100
AcDbSymbolTable
 70
    1
  0
VPORT
  5
31
330
2
100
AcDbSymbolTableRecord
100
AcDbViewportTableRecord
  2
*ACTIVE
 70
    0
 10
0
 20
0
 11
1
 21
1
 12
249.770949169449
 22
119.2383182098778
 13
0
 23
0
 14
10
 24
10
 15
10
 25
10
 16
0
 26
0
 36
1
 17
0
 27
0
 37
0
 40
292.5412154838617
 41
1.89493670886076
 42
50
 43
0
 44
0
 50
0
 51
0
 71
    0
 72
  100
 73
    1
 74
    3
 75
    0
 76
    1
 77
    0
 78
    0
281
    0
 65
    1
110
0
120
0
130
0
111
1
121
0
131
0
112
0
122
1
132
0
 79
    0
146
0
348
10020
 60
    7
 61
    5
292
1
282
    1
141
0
142
0
 63
  250
421
3358443
  0
ENDTAB
  0
TABLE
  2
LTYPE
  5
5
330
0
100
AcDbSymbolTable
 70
    4
  0
LTYPE
  5
14
330
5
100
AcDbSymbolTableRecord
100
AcDbLinetypeTableRecord
  2
ByBlock
 70
    0
  3

 72
   65
 73
    0
 40
0
  0
LTYPE
  5
15
330
5
100
AcDbSymbolTableRecord
100
AcDbLinetypeTableRecord
  2
ByLayer
 70
    0
  3

 72
   65
 73
    0
 40
0
  0
LTYPE
  5
16
330
5
100
AcDbSymbolTableRecord
100
AcDbLinetypeTableRecord
  2
Continuous
 70
    0
  3
Solid line
 72
   65
 73
    0
 40
0
  0
LTYPE
  5
32
330
5
100
AcDbSymbolTableRecord
100
AcDbLinetypeTableRecord
  2
DOT
 70
    0
  3
Dot . . . . . . . . . . . . . . . . . . . . . .
 72
   65
 73
    2
 40
6.35
 49
0
 74
    0
 49
-6.35
 74
    0
  0
LTYPE
  5
33
330
5
100
AcDbSymbolTableRecord
100
AcDbLinetypeTableRecord
  2
DOTTINY
 70
    0
  3
Dot (.15x) .....................................
 72
   65
 73
    2
 40
0.9525
 49
0
 74
    0
 49
-0.9525
 74
    0
  0
LTYPE
  5
34
330
5
100
AcDbSymbolTableRecord
100
AcDbLinetypeTableRecord
  2
DOT2
 70
    0
  3
Dot (.5x) .....................................
 72
   65
 73
    2
 40
3.175
 49
0
 74
    0
 49
-3.175
 74
    0
  0
LTYPE
  5
35
330
5
100
AcDbSymbolTableRecord
100
AcDbLinetypeTableRecord
  2
DOTX2
 70
    0
  3
Dot (2x) .  .  .  .  .  .  .  .  .  .  .  .  .
 72
   65
 73
    2
 40
12.7
 49
0
 74
    0
 49
-12.7
 74
    0
  0
LTYPE
  5
36
330
5
100
AcDbSymbolTableRecord
100
AcDbLinetypeTableRecord
  2
DASHED
 70
    0
  3
Dashed _ _ _ _ _ _ _ _ _ _ _ _ _ _ _ _ _
 72
   65
 73
    2
 40
19.05
 49
12.7
 74
    0
 49
-6.35
 74
    0
  0
LTYPE
  5
37
330
5
100
AcDbSymbolTableRecord
100
AcDbLinetypeTableRecord
  2
DASHEDTINY
 70
    0
  3
Dashed (.15x) _ _ _ _ _ _ _ _ _ _ _ _ _ _ _ _ _
 72
   65
 73
    2
 40
2.8575
 49
1.905
 74
    0
 49
-0.9525
 74
    0
  0
LTYPE
  5
38
330
5
100
AcDbSymbolTableRecord
100
AcDbLinetypeTableRecord
  2
DASHED2
 70
    0
  3
Dashed (.5x) _ _ _ _ _ _ _ _ _ _ _ _ _ _ _ _ _
 72
   65
 73
    2
 40
9.524999999999999
 49
6.35
 74
    0
 49
-3.175
 74
    0
  0
LTYPE
  5
39
330
5
100
AcDbSymbolTableRecord
100
AcDbLinetypeTableRecord
  2
DASHEDX2
 70
    0
  3
Dashed (2x) ____  ____  ____  ____  ____  ___
 72
   65
 73
    2
 40
38.09999999999999
 49
25.4
 74
    0
 49
-12.7
 74
    0
  0
LTYPE
  5
3A
330
5
100
AcDbSymbolTableRecord
100
AcDbLinetypeTableRecord
  2
DASHDOT
 70
    0
  3
Dash dot __ . __ . __ . __ . __ . __ . __ . __
 72
   65
 73
    4
 40
25.4
 49
12.7
 74
    0
 49
-6.35
 74
    0
 49
0
 74
    0
 49
-6.35
 74
    0
  0
LTYPE
  5
3B
330
5
100
AcDbSymbolTableRecord
100
AcDbLinetypeTableRecord
  2
DASHDOTTINY
 70
    0
  3
Dash dot (.15x) _._._._._._._._._._._._._._._.
 72
   65
 73
    4
 40
3.81
 49
1.905
 74
    0
 49
-0.9525
 74
    0
 49
0
 74
    0
 49
-0.9525
 74
    0
  0
LTYPE
  5
3C
330
5
100
AcDbSymbolTableRecord
100
AcDbLinetypeTableRecord
  2
DASHDOT2
 70
    0
  3
Dash dot (.5x) _._._._._._._._._._._._._._._.
 72
   65
 73
    4
 40
12.7
 49
6.35
 74
    0
 49
-3.175
 74
    0
 49
0
 74
    0
 49
-3.175
 74
    0
  0
LTYPE
  5
3D
330
5
100
AcDbSymbolTableRecord
100
AcDbLinetypeTableRecord
  2
DASHDOTX2
 70
    0
  3
Dash dot (2x) ____  .  ____  .  ____  .  ___
 72
   65
 73
    4
 40
50.8
 49
25.4
 74
    0
 49
-12.7
 74
    0
 49
0
 74
    0
 49
-12.7
 74
    0
  0
LTYPE
  5
3E
330
5
100
AcDbSymbolTableRecord
100
AcDbLinetypeTableRecord
  2
DIVIDE
 70
    0
  3
Divide ____ . . ____ . . ____ . . ____ . . ____
 72
   65
 73
    6
 40
31.75
 49
12.7
 74
    0
 49
-6.35
 74
    0
 49
0
 74
    0
 49
-6.35
 74
    0
 49
0
 74
    0
 49
-6.35
 74
    0
  0
LTYPE
  5
3F
330
5
100
AcDbSymbolTableRecord
100
AcDbLinetypeTableRecord
  2
DIVIDETINY
 70
    0
  3
Divide (.15x) __..__..__..__..__..__..__..__.._
 72
   65
 73
    6
 40
4.7625
 49
1.905
 74
    0
 49
-0.9525
 74
    0
 49
0
 74
    0
 49
-0.9525
 74
    0
 49
0
 74
    0
 49
-0.9525
 74
    0
  0
LTYPE
  5
40
330
5
100
AcDbSymbolTableRecord
100
AcDbLinetypeTableRecord
  2
DIVIDE2
 70
    0
  3
Divide (.5x) __..__..__..__..__..__..__..__.._
 72
   65
 73
    6
 40
15.875
 49
6.35
 74
    0
 49
-3.175
 74
    0
 49
0
 74
    0
 49
-3.175
 74
    0
 49
0
 74
    0
 49
-3.175
 74
    0
  0
LTYPE
  5
41
330
5
100
AcDbSymbolTableRecord
100
AcDbLinetypeTableRecord
  2
DIVIDEX2
 70
    0
  3
Divide (2x) ________  .  .  ________  .  .  _
 72
   65
 73
    6
 40
63.5
 49
25.4
 74
    0
 49
-12.7
 74
    0
 49
0
 74
    0
 49
-12.7
 74
    0
 49
0
 74
    0
 49
-12.7
 74
    0
  0
LTYPE
  5
42
330
5
100
AcDbSymbolTableRecord
100
AcDbLinetypeTableRecord
  2
BORDER
 70
    0
  3
Border __ __ . __ __ . __ __ . __ __ . __ __ .
 72
   65
 73
    6
 40
44.45
 49
12.7
 74
    0
 49
-6.35
 74
    0
 49
12.7
 74
    0
 49
-6.35
 74
    0
 49
0
 74
    0
 49
-6.35
 74
    0
  0
LTYPE
  5
43
330
5
100
AcDbSymbolTableRecord
100
AcDbLinetypeTableRecord
  2
BORDERTINY
 70
    0
  3
Border (.15x) __.__.__.__.__.__.__.__.__.__.__.
 72
   65
 73
    6
 40
6.6675
 49
1.905
 74
    0
 49
-0.9525
 74
    0
 49
1.905
 74
    0
 49
-0.9525
 74
    0
 49
0
 74
    0
 49
-0.9525
 74
    0
  0
LTYPE
  5
44
330
5
100
AcDbSymbolTableRecord
100
AcDbLinetypeTableRecord
  2
BORDER2
 70
    0
  3
Border (.5x) __.__.__.__.__.__.__.__.__.__.__.
 72
   65
 73
    6
 40
22.225
 49
6.35
 74
    0
 49
-3.175
 74
    0
 49
6.35
 74
    0
 49
-3.175
 74
    0
 49
0
 74
    0
 49
-3.175
 74
    0
  0
LTYPE
  5
45
330
5
100
AcDbSymbolTableRecord
100
AcDbLinetypeTableRecord
  2
BORDERX2
 70
    0
  3
Border (2x) ____  ____  .  ____  ____  .  ___
 72
   65
 73
    6
 40
88.89999999999999
 49
25.4
 74
    0
 49
-12.7
 74
    0
 49
25.4
 74
    0
 49
-12.7
 74
    0
 49
0
 74
    0
 49
-12.7
 74
    0
  0
LTYPE
  5
46
330
5
100
AcDbSymbolTableRecord
100
AcDbLinetypeTableRecord
  2
CENTER
 70
    0
  3
Center ____ _ ____ _ ____ _ ____ _ ____ _ ____
 72
   65
 73
    4
 40
50.8
 49
31.75
 74
    0
 49
-6.35
 74
    0
 49
6.35
 74
    0
 49
-6.35
 74
    0
  0
LTYPE
  5
47
330
5
100
AcDbSymbolTableRecord
100
AcDbLinetypeTableRecord
  2
CENTERTINY
 70
    0
  3
Center (.15x) ___ _ ___ _ ___ _ ___ _ ___ _ ___
 72
   65
 73
    4
 40
7.619999999999999
 49
4.7625
 74
    0
 49
-0.9525
 74
    0
 49
0.9525
 74
    0
 49
-0.9525
 74
    0
  0
LTYPE
  5
48
330
5
100
AcDbSymbolTableRecord
100
AcDbLinetypeTableRecord
  2
CENTER2
 70
    0
  3
Center (.5x) ___ _ ___ _ ___ _ ___ _ ___ _ ___
 72
   65
 73
    4
 40
28.575
 49
19.05
 74
    0
 49
-3.175
 74
    0
 49
3.175
 74
    0
 49
-3.175
 74
    0
  0
LTYPE
  5
49
330
5
100
AcDbSymbolTableRecord
100
AcDbLinetypeTableRecord
  2
CENTERX2
 70
    0
  3
Center (2x) ________  __  ________  __  _____
 72
   65
 73
    4
 40
101.6
 49
63.5
 74
    0
 49
-12.7
 74
    0
 49
12.7
 74
    0
 49
-12.7
 74
    0
  0
ENDTAB
  0
TABLE
  2
LAYER
  5
2
330
0
100
AcDbSymbolTable
 70
    1
  0
LAYER
  5
10
330
2
100
AcDbSymbolTableRecord
100
AcDbLayerTableRecord
  2
0
 70
    0
 62
    7
  6
CONTINUOUS
370
   -3
390
F
  0
LAYER
  5
4A
330
2
100
AcDbSymbolTableRecord
100
AcDbLayerTableRecord
  2
Defpoints
 70
    0
 62
    7
  6
CONTINUOUS
290
0
370
   -3
390
F
  0
LAYER
  5
4B
330
2
100
AcDbSymbolTableRecord
100
AcDbLayerTableRecord
  2
NAV_DOCK
 70
    0
 62
  135
420
5549723
  6
CONTINUOUS
370
   -3
390
F
  0
LAYER
  5
4C
330
2
100
AcDbSymbolTableRecord
100
AcDbLayerTableRecord
  2
NAV_DRIVE
 70
    0
 62
  254
420
13557734
  6
CONTINUOUS
370
   -3
390
F
  0
LAYER
  5
4D
330
2
100
AcDbSymbolTableRecord
100
AcDbLayerTableRecord
  2
OBS_CHARGER
 70
    0
 62
  137
420
4231044
  6
CONTINUOUS
370
   -3
390
F
  0
LAYER
  5
4E
330
2
100
AcDbSymbolTableRecord
100
AcDbLayerTableRecord
  2
OBS_COLUMN
 70
    0
 62
  139
420
4082266
  6
CONTINUOUS
370
   -3
390
F
  0
LAYER
  5
4F
330
2
100
AcDbSymbolTableRecord
100
AcDbLayerTableRecord
  2
OBS_CONVEYOR
 70
    0
 62
   35
420
11826221
  6
CONTINUOUS
370
   -3
390
F
  0
LAYER
  5
50
330
2
100
AcDbSymbolTableRecord
100
AcDbLayerTableRecord
  2
OBS_MACHINE
 70
    0
 62
   45
420
11893817
  6
CONTINUOUS
370
   -3
390
F
  0
LAYER
  5
51
330
2
100
AcDbSymbolTableRecord
100
AcDbLayerTableRecord
  2
OBS_PAINT
 70
    0
 62
  183
420
8153259
  6
CONTINUOUS
370
   -3
390
F
  0
LAYER
  5
52
330
2
100
AcDbSymbolTableRecord
100
AcDbLayerTableRecord
  2
OBS_RACK
 70
    0
 62
  145
420
3047084
  6
CONTINUOUS
370
   -3
390
F
  0
LAYER
  5
53
330
2
100
AcDbSymbolTableRecord
100
AcDbLayerTableRecord
  2
OBS_WALL
 70
    0
 62
  147
420
5925242
  6
CONTINUOUS
370
   -3
390
F
  0
LAYER
  5
54
330
2
100
AcDbSymbolTableRecord
100
AcDbLayerTableRecord
  2
VIS_CAR
 70
    0
 62
   53
420
15515744
  6
CONTINUOUS
370
   -3
390
F
  0
LAYER
  5
55
330
2
100
AcDbSymbolTableRecord
100
AcDbLayerTableRecord
  2
VIS_DETAIL
 70
    0
 62
  253
420
10332854
  6
CONTINUOUS
370
   -3
390
F
  0
LAYER
  5
56
330
2
100
AcDbSymbolTableRecord
100
AcDbLayerTableRecord
  2
VIS_GATE
 70
    0
 62
  135
420
5155734
  6
CONTINUOUS
370
   -3
390
F
  0
LAYER
  5
57
330
2
100
AcDbSymbolTableRecord
100
AcDbLayerTableRecord
  2
VIS_PEDESTRIAN
 70
    0
 62
  113
420
9156245
  6
CONTINUOUS
370
   -3
390
F
  0
LAYER
  5
58
330
2
100
AcDbSymbolTableRecord
100
AcDbLayerTableRecord
  2
VIS_TEXT
 70
    0
 62
  139
420
3754591
  6
CONTINUOUS
370
   -3
390
F
  0
LAYER
  5
59
330
2
100
AcDbSymbolTableRecord
100
AcDbLayerTableRecord
  2
VIS_ZONE
 70
    0
 62
  145
420
6456481
  6
CONTINUOUS
370
   -3
390
F
  0
ENDTAB
  0
TABLE
  2
STYLE
  5
3
330
0
100
AcDbSymbolTable
 70
    3
  0
STYLE
  5
5A
330
2
100
AcDbSymbolTableRecord
100
AcDbTextStyleTableRecord
  2
STANDARD
 70
    0
 40
0
 41
1
 50
0
 71
    0
 42
1
  3
STANDARD
  4

  0
ENDTAB
  0
TABLE
  2
VIEW
  5
6
330
0
100
AcDbSymbolTable
 70
    0
  0
ENDTAB
  0
TABLE
  2
UCS
  5
7
330
0
100
AcDbSymbolTable
 70
    0
  0
ENDTAB
  0
TABLE
  2
APPID
  5
9
330
0
100
AcDbSymbolTable
 70
    1
  0
APPID
  5
12
330
9
100
AcDbSymbolTableRecord
100
AcDbRegAppTableRecord
  2
ACAD
 70
    0
  0
APPID
  5
5B
330
9
100
AcDbSymbolTableRecord
100
AcDbRegAppTableRecord
  2
LibreCad
 70
    0
  0
ENDTAB
  0
TABLE
  2
DIMSTYLE
  5
A
330
0
100
AcDbSymbolTable
 70
    1
100
AcDbDimStyleTable
 71
    1
  0
DIMSTYLE
105
5C
330
A
100
AcDbSymbolTableRecord
100
AcDbDimStyleTableRecord
  2
Standard
 70
    0
 40
1
 41
2.5
 42
0.625
 43
0.38
 44
1.25
 45
0
 46
0
 47
0
 48
0
 49
1
140
2.5
141
0.09
142
0
143
25.4
144
1
145
0
146
1
147
0.625
148
0
 71
    0
 72
    0
 73
    0
 74
    1
 75
    0
 76
    0
 77
    0
 78
    8
 79
    0
170
    0
171
    2
172
    0
173
    0
174
    0
175
    0
176
    0
177
    0
178
    0
179
    0
271
    2
272
    4
273
    2
274
    2
275
    0
276
    0
277
    2
278
   44
279
    0
280
    0
281
    0
282
    0
283
    1
284
    0
285
    0
286
    0
288
    0
289
    3
340
Standard
341

371
   -2
372
   -2
  0
ENDTAB
  0
TABLE
  2
BLOCK_RECORD
  5
1
330
0
100
AcDbSymbolTable
 70
    2
  0
BLOCK_RECORD
  5
1F
330
1
100
AcDbSymbolTableRecord
100
AcDbBlockTableRecord
  2
*Model_Space
 70
    0
280
    1
281
    0
  0
BLOCK_RECORD
  5
1E
330
1
100
AcDbSymbolTableRecord
100
AcDbBlockTableRecord
  2
*Paper_Space
 70
    0
280
    1
281
    0
  0
ENDTAB
  0
ENDSEC
  0
SECTION
  2
BLOCKS
  0
BLOCK
  5
20
330
1F
100
AcDbEntity
  8
0
100
AcDbBlockBegin
  2
*Model_Space
 70
    0
 10
0
 20
0
 30
0
  3
*Model_Space
  1

  0
ENDBLK
  5
21
330
1F
100
AcDbEntity
  8
0
100
AcDbBlockEnd
  0
BLOCK
  5
1C
330
1B
100
AcDbEntity
  8
0
100
AcDbBlockBegin
  2
*Paper_Space
 70
    0
 10
0
 20
0
 30
0
  3
*Paper_Space
  1

  0
ENDBLK
  5
1D
330
1F
100
AcDbEntity
  8
0
100
AcDbBlockEnd
  0
ENDSEC
  0
SECTION
  2
ENTITIES
  0
LWPOLYLINE
  5
5D
100
AcDbEntity
  8
VIS_ZONE
  6
ByLayer
 62
  256
370
   -1
100
AcDbPolyline
 90
    8
 70
    1
 43
0
 10
400
 20
250
 10
400
 20
0
 10
0
 20
0
 10
0
 20
250
 10
220
 20
250
 10
220
 20
400
 10
370
 20
400
 10
370
 20
250
  0
LWPOLYLINE
  5
5E
100
AcDbEntity
  8
OBS_WALL
  6
ByLayer
 62
  256
370
   -1
100
AcDbPolyline
 90
    4
 70
    1
 43
0
 10
399.6
 20
22.5
 10
400
 20
22.5
 10
400
 20
0
 10
399.6
 20
0
  0
LWPOLYLINE
  5
5F
100
AcDbEntity
  8
OBS_WALL
  6
ByLayer
 62
  256
370
   -1
100
AcDbPolyline
 90
    4
 70
    1
 43
0
 10
399.6
 20
187.5
 10
400
 20
187.5
 10
400
 20
32.5
 10
399.6
 20
32.5
  0
LWPOLYLINE
  5
60
100
AcDbEntity
  8
OBS_WALL
  6
ByLayer
 62
  256
370
   -1
100
AcDbPolyline
 90
    4
 70
    1
 43
0
 10
399.6
 20
250
 10
400
 20
250
 10
400
 20
197.5
 10
399.6
 20
197.5
  0
LWPOLYLINE
  5
61
100
AcDbEntity
  8
OBS_WALL
  6
ByLayer
 62
  256
370
   -1
100
AcDbPolyline
 90
    4
 70
    1
 43
0
 10
400
 20
0.4
 10
400
 20
0
 10
0
 20
0
 10
0
 20
0.4
  0
LWPOLYLINE
  5
62
100
AcDbEntity
  8
OBS_WALL
  6
ByLayer
 62
  256
370
   -1
100
AcDbPolyline
 90
    4
 70
    1
 43
0
 10
0.4
 20
0
 10
0
 20
0
 10
0
 20
250
 10
0.4
 20
250
  0
LWPOLYLINE
  5
63
100
AcDbEntity
  8
OBS_WALL
  6
ByLayer
 62
  256
370
   -1
100
AcDbPolyline
 90
    4
 70
    1
 43
0
 10
0
 20
249.6
 10
0
 20
250
 10
220
 20
250
 10
220
 20
249.6
  0
LWPOLYLINE
  5
64
100
AcDbEntity
  8
OBS_WALL
  6
ByLayer
 62
  256
370
   -1
100
AcDbPolyline
 90
    4
 70
    1
 43
0
 10
220.4
 20
250
 10
220
 20
250
 10
220
 20
400
 10
220.4
 20
400
  0
LWPOLYLINE
  5
65
100
AcDbEntity
  8
OBS_WALL
  6
ByLayer
 62
  256
370
   -1
100
AcDbPolyline
 90
    4
 70
    1
 43
0
 10
220
 20
399.6
 10
220
 20
400
 10
370
 20
400
 10
370
 20
399.6
  0
LWPOLYLINE
  5
66
100
AcDbEntity
  8
OBS_WALL
  6
ByLayer
 62
  256
370
   -1
100
AcDbPolyline
 90
    4
 70
    1
 43
0
 10
369.6
 20
400
 10
370
 20
400
 10
370
 20
250
 10
369.6
 20
250
  0
LWPOLYLINE
  5
67
100
AcDbEntity
  8
OBS_WALL
  6
ByLayer
 62
  256
370
   -1
100
AcDbPolyline
 90
    4
 70
    1
 43
0
 10
370
 20
249.6
 10
370
 20
250
 10
400
 20
250
 10
400
 20
249.6
  0
LWPOLYLINE
  5
68
100
AcDbEntity
  8
OBS_WALL
  6
ByLayer
 62
  256
370
   -1
100
AcDbPolyline
 90
    4
 70
    1
 43
0
 10
249.8
 20
0
 10
250.2
 20
0
 10
250.2
 20
22.5
 10
249.8
 20
22.5
  0
LWPOLYLINE
  5
69
100
AcDbEntity
  8
OBS_WALL
  6
ByLayer
 62
  256
370
   -1
100
AcDbPolyline
 90
    4
 70
    1
 43
0
 10
249.8
 20
32.5
 10
250.2
 20
32.5
 10
250.2
 20
127.5
 10
249.8
 20
127.5
  0
LWPOLYLINE
  5
6A
100
AcDbEntity
  8
OBS_WALL
  6
ByLayer
 62
  256
370
   -1
100
AcDbPolyline
 90
    4
 70
    1
 43
0
 10
249.8
 20
137.5
 10
250.2
 20
137.5
 10
250.2
 20
217.5
 10
249.8
 20
217.5
  0
LINE
  5
6B
100
AcDbEntity
  8
VIS_GATE
  6
ByLayer
 62
  256
370
   -1
100
AcDbLine
 10
250
 20
217.5
 11
250
 21
227.5
  0
LWPOLYLINE
  5
6C
100
AcDbEntity
  8
OBS_WALL
  6
ByLayer
 62
  256
370
   -1
100
AcDbPolyline
 90
    4
 70
    1
 43
0
 10
249.8
 20
227.5
 10
250.2
 20
227.5
 10
250.2
 20
250
 10
249.8
 20
250
  0
LWPOLYLINE
  5
6D
100
AcDbEntity
  8
OBS_WALL
  6
ByLayer
 62
  256
370
   -1
100
AcDbPolyline
 90
    4
 70
    1
 43
0
 10
220
 20
249.8
 10
232.5
 20
249.8
 10
232.5
 20
250.2
 10
220
 20
250.2
  0
LWPOLYLINE
  5
6E
100
AcDbEntity
  8
OBS_WALL
  6
ByLayer
 62
  256
370
   -1
100
AcDbPolyline
 90
    4
 70
    1
 43
0
 10
242.5
 20
249.8
 10
292.5
 20
249.8
 10
292.5
 20
250.2
 10
242.5
 20
250.2
  0
LWPOLYLINE
  5
6F
100
AcDbEntity
  8
OBS_WALL
  6
ByLayer
 62
  256
370
   -1
100
AcDbPolyline
 90
    4
 70
    1
 43
0
 10
302.5
 20
249.8
 10
352.5
 20
249.8
 10
352.5
 20
250.2
 10
302.5
 20
250.2
  0
LWPOLYLINE
  5
70
100
AcDbEntity
  8
OBS_WALL
  6
ByLayer
 62
  256
370
   -1
100
AcDbPolyline
 90
    4
 70
    1
 43
0
 10
362.5
 20
249.8
 10
370
 20
249.8
 10
370
 20
250.2
 10
362.5
 20
250.2
  0
LWPOLYLINE
  5
71
100
AcDbEntity
  8
OBS_COLUMN
  6
ByLayer
 62
  256
370
   -1
100
AcDbPolyline
 90
    4
 70
    1
 43
0
 10
4.6
 20
4.6
 10
5.4
 20
4.6
 10
5.4
 20
5.4
 10
4.6
 20
5.4
  0
LWPOLYLINE
  5
72
100
AcDbEntity
  8
OBS_COLUMN
  6
ByLayer
 62
  256
370
   -1
100
AcDbPolyline
 90
    4
 70
    1
 43
0
 10
4.6
 20
19.6
 10
5.4
 20
19.6
 10
5.4
 20
20.4
 10
4.6
 20
20.4
  0
LWPOLYLINE
  5
73
100
AcDbEntity
  8
OBS_COLUMN
  6
ByLayer
 62
  256
370
   -1
100
AcDbPolyline
 90
    4
 70
    1
 43
0
 10
4.6
 20
34.6
 10
5.4
 20
34.6
 10
5.4
 20
35.4
 10
4.6
 20
35.4
  0
LWPOLYLINE
  5
74
100
AcDbEntity
  8
OBS_COLUMN
  6
ByLayer
 62
  256
370
   -1
100
AcDbPolyline
 90
    4
 70
    1
 43
0
 10
4.6
 20
49.6
 10
5.4
 20
49.6
 10
5.4
 20
50.4
 10
4.6
 20
50.4
  0
LWPOLYLINE
  5
75
100
AcDbEntity
  8
OBS_COLUMN
  6
ByLayer
 62
  256
370
   -1
100
AcDbPolyline
 90
    4
 70
    1
 43
0
 10
4.6
 20
64.59999999999999
 10
5.4
 20
64.59999999999999
 10
5.4
 20
65.40000000000001
 10
4.6
 20
65.40000000000001
  0
LWPOLYLINE
  5
76
100
AcDbEntity
  8
OBS_COLUMN
  6
ByLayer
 62
  256
370
   -1
100
AcDbPolyline
 90
    4
 70
    1
 43
0
 10
4.6
 20
79.59999999999999
 10
5.4
 20
79.59999999999999
 10
5.4
 20
80.40000000000001
 10
4.6
 20
80.40000000000001
  0
LWPOLYLINE
  5
77
100
AcDbEntity
  8
OBS_COLUMN
  6
ByLayer
 62
  256
370
   -1
100
AcDbPolyline
 90
    4
 70
    1
 43
0
 10
4.6
 20
94.59999999999999
 10
5.4
 20
94.59999999999999
 10
5.4
 20
95.40000000000001
 10
4.6
 20
95.40000000000001
  0
LWPOLYLINE
  5
78
100
AcDbEntity
  8
OBS_COLUMN
  6
ByLayer
 62
  256
370
   -1
100
AcDbPolyline
 90
    4
 70
    1
 43
0
 10
4.6
 20
109.6
 10
5.4
 20
109.6
 10
5.4
 20
110.4
 10
4.6
 20
110.4
  0
LWPOLYLINE
  5
79
100
AcDbEntity
  8
OBS_COLUMN
  6
ByLayer
 62
  256
370
   -1
100
AcDbPolyline
 90
    4
 70
    1
 43
0
 10
4.6
 20
124.6
 10
5.4
 20
124.6
 10
5.4
 20
125.4
 10
4.6
 20
125.4
  0
LWPOLYLINE
  5
7A
100
AcDbEntity
  8
OBS_COLUMN
  6
ByLayer
 62
  256
370
   -1
100
AcDbPolyline
 90
    4
 70
    1
 43
0
 10
4.6
 20
139.6
 10
5.4
 20
139.6
 10
5.4
 20
140.4
 10
4.6
 20
140.4
  0
LWPOLYLINE
  5
7B
100
AcDbEntity
  8
OBS_COLUMN
  6
ByLayer
 62
  256
370
   -1
100
AcDbPolyline
 90
    4
 70
    1
 43
0
 10
4.6
 20
154.6
 10
5.4
 20
154.6
 10
5.4
 20
155.4
 10
4.6
 20
155.4
  0
LWPOLYLINE
  5
7C
100
AcDbEntity
  8
OBS_COLUMN
  6
ByLayer
 62
  256
370
   -1
100
AcDbPolyline
 90
    4
 70
    1
 43
0
 10
4.6
 20
169.6
 10
5.4
 20
169.6
 10
5.4
 20
170.4
 10
4.6
 20
170.4
  0
LWPOLYLINE
  5
7D
100
AcDbEntity
  8
OBS_COLUMN
  6
ByLayer
 62
  256
370
   -1
100
AcDbPolyline
 90
    4
 70
    1
 43
0
 10
4.6
 20
184.6
 10
5.4
 20
184.6
 10
5.4
 20
185.4
 10
4.6
 20
185.4
  0
LWPOLYLINE
  5
7E
100
AcDbEntity
  8
OBS_COLUMN
  6
ByLayer
 62
  256
370
   -1
100
AcDbPolyline
 90
    4
 70
    1
 43
0
 10
4.6
 20
199.6
 10
5.4
 20
199.6
 10
5.4
 20
200.4
 10
4.6
 20
200.4
  0
LWPOLYLINE
  5
7F
100
AcDbEntity
  8
OBS_COLUMN
  6
ByLayer
 62
  256
370
   -1
100
AcDbPolyline
 90
    4
 70
    1
 43
0
 10
4.6
 20
214.6
 10
5.4
 20
214.6
 10
5.4
 20
215.4
 10
4.6
 20
215.4
  0
LWPOLYLINE
  5
80
100
AcDbEntity
  8
OBS_COLUMN
  6
ByLayer
 62
  256
370
   -1
100
AcDbPolyline
 90
    4
 70
    1
 43
0
 10
4.6
 20
229.6
 10
5.4
 20
229.6
 10
5.4
 20
230.4
 10
4.6
 20
230.4
  0
LWPOLYLINE
  5
81
100
AcDbEntity
  8
OBS_COLUMN
  6
ByLayer
 62
  256
370
   -1
100
AcDbPolyline
 90
    4
 70
    1
 43
0
 10
4.6
 20
244.6
 10
5.4
 20
244.6
 10
5.4
 20
245.4
 10
4.6
 20
245.4
  0
LWPOLYLINE
  5
82
100
AcDbEntity
  8
OBS_COLUMN
  6
ByLayer
 62
  256
370
   -1
100
AcDbPolyline
 90
    4
 70
    1
 43
0
 10
19.6
 20
4.6
 10
20.4
 20
4.6
 10
20.4
 20
5.4
 10
19.6
 20
5.4
  0
LWPOLYLINE
  5
83
100
AcDbEntity
  8
OBS_COLUMN
  6
ByLayer
 62
  256
370
   -1
100
AcDbPolyline
 90
    4
 70
    1
 43
0
 10
19.6
 20
19.6
 10
20.4
 20
19.6
 10
20.4
 20
20.4
 10
19.6
 20
20.4
  0
LWPOLYLINE
  5
84
100
AcDbEntity
  8
OBS_COLUMN
  6
ByLayer
 62
  256
370
   -1
100
AcDbPolyline
 90
    4
 70
    1
 43
0
 10
19.6
 20
34.6
 10
20.4
 20
34.6
 10
20.4
 20
35.4
 10
19.6
 20
35.4
  0
LWPOLYLINE
  5
85
100
AcDbEntity
  8
OBS_COLUMN
  6
ByLayer
 62
  256
370
   -1
100
AcDbPolyline
 90
    4
 70
    1
 43
0
 10
19.6
 20
49.6
 10
20.4
 20
49.6
 10
20.4
 20
50.4
 10
19.6
 20
50.4
  0
LWPOLYLINE
  5
86
100
AcDbEntity
  8
OBS_COLUMN
  6
ByLayer
 62
  256
370
   -1
100
AcDbPolyline
 90
    4
 70
    1
 43
0
 10
19.6
 20
64.59999999999999
 10
20.4
 20
64.59999999999999
 10
20.4
 20
65.40000000000001
 10
19.6
 20
65.40000000000001
  0
LWPOLYLINE
  5
87
100
AcDbEntity
  8
OBS_COLUMN
  6
ByLayer
 62
  256
370
   -1
100
AcDbPolyline
 90
    4
 70
    1
 43
0
 10
19.6
 20
79.59999999999999
 10
20.4
 20
79.59999999999999
 10
20.4
 20
80.40000000000001
 10
19.6
 20
80.40000000000001
  0
LWPOLYLINE
  5
88
100
AcDbEntity
  8
OBS_COLUMN
  6
ByLayer
 62
  256
370
   -1
100
AcDbPolyline
 90
    4
 70
    1
 43
0
 10
19.6
 20
94.59999999999999
 10
20.4
 20
94.59999999999999
 10
20.4
 20
95.40000000000001
 10
19.6
 20
95.40000000000001
  0
LWPOLYLINE
  5
89
100
AcDbEntity
  8
OBS_COLUMN
  6
ByLayer
 62
  256
370
   -1
100
AcDbPolyline
 90
    4
 70
    1
 43
0
 10
19.6
 20
109.6
 10
20.4
 20
109.6
 10
20.4
 20
110.4
 10
19.6
 20
110.4
  0
LWPOLYLINE
  5
8A
100
AcDbEntity
  8
OBS_COLUMN
  6
ByLayer
 62
  256
370
   -1
100
AcDbPolyline
 90
    4
 70
    1
 43
0
 10
19.6
 20
124.6
 10
20.4
 20
124.6
 10
20.4
 20
125.4
 10
19.6
 20
125.4
  0
LWPOLYLINE
  5
8B
100
AcDbEntity
  8
OBS_COLUMN
  6
ByLayer
 62
  256
370
   -1
100
AcDbPolyline
 90
    4
 70
    1
 43
0
 10
19.6
 20
139.6
 10
20.4
 20
139.6
 10
20.4
 20
140.4
 10
19.6
 20
140.4
  0
LWPOLYLINE
  5
8C
100
AcDbEntity
  8
OBS_COLUMN
  6
ByLayer
 62
  256
370
   -1
100
AcDbPolyline
 90
    4
 70
    1
 43
0
 10
19.6
 20
154.6
 10
20.4
 20
154.6
 10
20.4
 20
155.4
 10
19.6
 20
155.4
  0
LWPOLYLINE
  5
8D
100
AcDbEntity
  8
OBS_COLUMN
  6
ByLayer
 62
  256
370
   -1
100
AcDbPolyline
 90
    4
 70
    1
 43
0
 10
19.6
 20
169.6
 10
20.4
 20
169.6
 10
20.4
 20
170.4
 10
19.6
 20
170.4
  0
LWPOLYLINE
  5
8E
100
AcDbEntity
  8
OBS_COLUMN
  6
ByLayer
 62
  256
370
   -1
100
AcDbPolyline
 90
    4
 70
    1
 43
0
 10
19.6
 20
184.6
 10
20.4
 20
184.6
 10
20.4
 20
185.4
 10
19.6
 20
185.4
  0
LWPOLYLINE
  5
8F
100
AcDbEntity
  8
OBS_COLUMN
  6
ByLayer
 62
  256
370
   -1
100
AcDbPolyline
 90
    4
 70
    1
 43
0
 10
19.6
 20
199.6
 10
20.4
 20
199.6
 10
20.4
 20
200.4
 10
19.6
 20
200.4
  0
LWPOLYLINE
  5
90
100
AcDbEntity
  8
OBS_COLUMN
  6
ByLayer
 62
  256
370
   -1
100
AcDbPolyline
 90
    4
 70
    1
 43
0
 10
19.6
 20
214.6
 10
20.4
 20
214.6
 10
20.4
 20
215.4
 10
19.6
 20
215.4
  0
LWPOLYLINE
  5
91
100
AcDbEntity
  8
OBS_COLUMN
  6
ByLayer
 62
  256
370
   -1
100
AcDbPolyline
 90
    4
 70
    1
 43
0
 10
19.6
 20
229.6
 10
20.4
 20
229.6
 10
20.4
 20
230.4
 10
19.6
 20
230.4
  0
LWPOLYLINE
  5
92
100
AcDbEntity
  8
OBS_COLUMN
  6
ByLayer
 62
  256
370
   -1
100
AcDbPolyline
 90
    4
 70
    1
 43
0
 10
19.6
 20
244.6
 10
20.4
 20
244.6
 10
20.4
 20
245.4
 10
19.6
 20
245.4
  0
LWPOLYLINE
  5
93
100
AcDbEntity
  8
OBS_COLUMN
  6
ByLayer
 62
  256
370
   -1
100
AcDbPolyline
 90
    4
 70
    1
 43
0
 10
34.6
 20
4.6
 10
35.4
 20
4.6
 10
35.4
 20
5.4
 10
34.6
 20
5.4
  0
LWPOLYLINE
  5
94
100
AcDbEntity
  8
OBS_COLUMN
  6
ByLayer
 62
  256
370
   -1
100
AcDbPolyline
 90
    4
 70
    1
 43
0
 10
34.6
 20
19.6
 10
35.4
 20
19.6
 10
35.4
 20
20.4
 10
34.6
 20
20.4
  0
LWPOLYLINE
  5
95
100
AcDbEntity
  8
OBS_COLUMN
  6
ByLayer
 62
  256
370
   -1
100
AcDbPolyline
 90
    4
 70
    1
 43
0
 10
34.6
 20
34.6
 10
35.4
 20
34.6
 10
35.4
 20
35.4
 10
34.6
 20
35.4
  0
LWPOLYLINE
  5
96
100
AcDbEntity
  8
OBS_COLUMN
  6
ByLayer
 62
  256
370
   -1
100
AcDbPolyline
 90
    4
 70
    1
 43
0
 10
34.6
 20
49.6
 10
35.4
 20
49.6
 10
35.4
 20
50.4
 10
34.6
 20
50.4
  0
LWPOLYLINE
  5
97
100
AcDbEntity
  8
OBS_COLUMN
  6
ByLayer
 62
  256
370
   -1
100
AcDbPolyline
 90
    4
 70
    1
 43
0
 10
34.6
 20
64.59999999999999
 10
35.4
 20
64.59999999999999
 10
35.4
 20
65.40000000000001
 10
34.6
 20
65.40000000000001
  0
LWPOLYLINE
  5
98
100
AcDbEntity
  8
OBS_COLUMN
  6
ByLayer
 62
  256
370
   -1
100
AcDbPolyline
 90
    4
 70
    1
 43
0
 10
34.6
 20
79.59999999999999
 10
35.4
 20
79.59999999999999
 10
35.4
 20
80.40000000000001
 10
34.6
 20
80.40000000000001
  0
LWPOLYLINE
  5
99
100
AcDbEntity
  8
OBS_COLUMN
  6
ByLayer
 62
  256
370
   -1
100
AcDbPolyline
 90
    4
 70
    1
 43
0
 10
34.6
 20
94.59999999999999
 10
35.4
 20
94.59999999999999
 10
35.4
 20
95.40000000000001
 10
34.6
 20
95.40000000000001
  0
LWPOLYLINE
  5
9A
100
AcDbEntity
  8
OBS_COLUMN
  6
ByLayer
 62
  256
370
   -1
100
AcDbPolyline
 90
    4
 70
    1
 43
0
 10
34.6
 20
109.6
 10
35.4
 20
109.6
 10
35.4
 20
110.4
 10
34.6
 20
110.4
  0
LWPOLYLINE
  5
9B
100
AcDbEntity
  8
OBS_COLUMN
  6
ByLayer
 62
  256
370
   -1
100
AcDbPolyline
 90
    4
 70
    1
 43
0
 10
34.6
 20
124.6
 10
35.4
 20
124.6
 10
35.4
 20
125.4
 10
34.6
 20
125.4
  0
LWPOLYLINE
  5
9C
100
AcDbEntity
  8
OBS_COLUMN
  6
ByLayer
 62
  256
370
   -1
100
AcDbPolyline
 90
    4
 70
    1
 43
0
 10
34.6
 20
139.6
 10
35.4
 20
139.6
 10
35.4
 20
140.4
 10
34.6
 20
140.4
  0
LWPOLYLINE
  5
9D
100
AcDbEntity
  8
OBS_COLUMN
  6
ByLayer
 62
  256
370
   -1
100
AcDbPolyline
 90
    4
 70
    1
 43
0
 10
34.6
 20
154.6
 10
35.4
 20
154.6
 10
35.4
 20
155.4
 10
34.6
 20
155.4
  0
LWPOLYLINE
  5
9E
100
AcDbEntity
  8
OBS_COLUMN
  6
ByLayer
 62
  256
370
   -1
100
AcDbPolyline
 90
    4
 70
    1
 43
0
 10
34.6
 20
169.6
 10
35.4
 20
169.6
 10
35.4
 20
170.4
 10
34.6
 20
170.4
  0
LWPOLYLINE
  5
9F
100
AcDbEntity
  8
OBS_COLUMN
  6
ByLayer
 62
  256
370
   -1
100
AcDbPolyline
 90
    4
 70
    1
 43
0
 10
34.6
 20
184.6
 10
35.4
 20
184.6
 10
35.4
 20
185.4
 10
34.6
 20
185.4
  0
LWPOLYLINE
  5
A0
100
AcDbEntity
  8
OBS_COLUMN
  6
ByLayer
 62
  256
370
   -1
100
AcDbPolyline
 90
    4
 70
    1
 43
0
 10
34.6
 20
199.6
 10
35.4
 20
199.6
 10
35.4
 20
200.4
 10
34.6
 20
200.4
  0
LWPOLYLINE
  5
A1
100
AcDbEntity
  8
OBS_COLUMN
  6
ByLayer
 62
  256
370
   -1
100
AcDbPolyline
 90
    4
 70
    1
 43
0
 10
34.6
 20
214.6
 10
35.4
 20
214.6
 10
35.4
 20
215.4
 10
34.6
 20
215.4
  0
LWPOLYLINE
  5
A2
100
AcDbEntity
  8
OBS_COLUMN
  6
ByLayer
 62
  256
370
   -1
100
AcDbPolyline
 90
    4
 70
    1
 43
0
 10
34.6
 20
229.6
 10
35.4
 20
229.6
 10
35.4
 20
230.4
 10
34.6
 20
230.4
  0
LWPOLYLINE
  5
A3
100
AcDbEntity
  8
OBS_COLUMN
  6
ByLayer
 62
  256
370
   -1
100
AcDbPolyline
 90
    4
 70
    1
 43
0
 10
34.6
 20
244.6
 10
35.4
 20
244.6
 10
35.4
 20
245.4
 10
34.6
 20
245.4
  0
LWPOLYLINE
  5
A4
100
AcDbEntity
  8
OBS_COLUMN
  6
ByLayer
 62
  256
370
   -1
100
AcDbPolyline
 90
    4
 70
    1
 43
0
 10
49.6
 20
4.6
 10
50.4
 20
4.6
 10
50.4
 20
5.4
 10
49.6
 20
5.4
  0
LWPOLYLINE
  5
A5
100
AcDbEntity
  8
OBS_COLUMN
  6
ByLayer
 62
  256
370
   -1
100
AcDbPolyline
 90
    4
 70
    1
 43
0
 10
49.6
 20
19.6
 10
50.4
 20
19.6
 10
50.4
 20
20.4
 10
49.6
 20
20.4
  0
LWPOLYLINE
  5
A6
100
AcDbEntity
  8
OBS_COLUMN
  6
ByLayer
 62
  256
370
   -1
100
AcDbPolyline
 90
    4
 70
    1
 43
0
 10
49.6
 20
34.6
 10
50.4
 20
34.6
 10
50.4
 20
35.4
 10
49.6
 20
35.4
  0
LWPOLYLINE
  5
A7
100
AcDbEntity
  8
OBS_COLUMN
  6
ByLayer
 62
  256
370
   -1
100
AcDbPolyline
 90
    4
 70
    1
 43
0
 10
49.6
 20
49.6
 10
50.4
 20
49.6
 10
50.4
 20
50.4
 10
49.6
 20
50.4
  0
LWPOLYLINE
  5
A8
100
AcDbEntity
  8
OBS_COLUMN
  6
ByLayer
 62
  256
370
   -1
100
AcDbPolyline
 90
    4
 70
    1
 43
0
 10
49.6
 20
64.59999999999999
 10
50.4
 20
64.59999999999999
 10
50.4
 20
65.40000000000001
 10
49.6
 20
65.40000000000001
  0
LWPOLYLINE
  5
A9
100
AcDbEntity
  8
OBS_COLUMN
  6
ByLayer
 62
  256
370
   -1
100
AcDbPolyline
 90
    4
 70
    1
 43
0
 10
49.6
 20
79.59999999999999
 10
50.4
 20
79.59999999999999
 10
50.4
 20
80.40000000000001
 10
49.6
 20
80.40000000000001
  0
LWPOLYLINE
  5
AA
100
AcDbEntity
  8
OBS_COLUMN
  6
ByLayer
 62
  256
370
   -1
100
AcDbPolyline
 90
    4
 70
    1
 43
0
 10
49.6
 20
94.59999999999999
 10
50.4
 20
94.59999999999999
 10
50.4
 20
95.40000000000001
 10
49.6
 20
95.40000000000001
  0
LWPOLYLINE
  5
AB
100
AcDbEntity
  8
OBS_COLUMN
  6
ByLayer
 62
  256
370
   -1
100
AcDbPolyline
 90
    4
 70
    1
 43
0
 10
49.6
 20
109.6
 10
50.4
 20
109.6
 10
50.4
 20
110.4
 10
49.6
 20
110.4
  0
LWPOLYLINE
  5
AC
100
AcDbEntity
  8
OBS_COLUMN
  6
ByLayer
 62
  256
370
   -1
100
AcDbPolyline
 90
    4
 70
    1
 43
0
 10
49.6
 20
124.6
 10
50.4
 20
124.6
 10
50.4
 20
125.4
 10
49.6
 20
125.4
  0
LWPOLYLINE
  5
AD
100
AcDbEntity
  8
OBS_COLUMN
  6
ByLayer
 62
  256
370
   -1
100
AcDbPolyline
 90
    4
 70
    1
 43
0
 10
49.6
 20
139.6
 10
50.4
 20
139.6
 10
50.4
 20
140.4
 10
49.6
 20
140.4
  0
LWPOLYLINE
  5
AE
100
AcDbEntity
  8
OBS_COLUMN
  6
ByLayer
 62
  256
370
   -1
100
AcDbPolyline
 90
    4
 70
    1
 43
0
 10
49.6
 20
154.6
 10
50.4
 20
154.6
 10
50.4
 20
155.4
 10
49.6
 20
155.4
  0
LWPOLYLINE
  5
AF
100
AcDbEntity
  8
OBS_COLUMN
  6
ByLayer
 62
  256
370
   -1
100
AcDbPolyline
 90
    4
 70
    1
 43
0
 10
49.6
 20
169.6
 10
50.4
 20
169.6
 10
50.4
 20
170.4
 10
49.6
 20
170.4
  0
LWPOLYLINE
  5
B0
100
AcDbEntity
  8
OBS_COLUMN
  6
ByLayer
 62
  256
370
   -1
100
AcDbPolyline
 90
    4
 70
    1
 43
0
 10
49.6
 20
184.6
 10
50.4
 20
184.6
 10
50.4
 20
185.4
 10
49.6
 20
185.4
  0
LWPOLYLINE
  5
B1
100
AcDbEntity
  8
OBS_COLUMN
  6
ByLayer
 62
  256
370
   -1
100
AcDbPolyline
 90
    4
 70
    1
 43
0
 10
49.6
 20
199.6
 10
50.4
 20
199.6
 10
50.4
 20
200.4
 10
49.6
 20
200.4
  0
LWPOLYLINE
  5
B2
100
AcDbEntity
  8
OBS_COLUMN
  6
ByLayer
 62
  256
370
   -1
100
AcDbPolyline
 90
    4
 70
    1
 43
0
 10
49.6
 20
214.6
 10
50.4
 20
214.6
 10
50.4
 20
215.4
 10
49.6
 20
215.4
  0
LWPOLYLINE
  5
B3
100
AcDbEntity
  8
OBS_COLUMN
  6
ByLayer
 62
  256
370
   -1
100
AcDbPolyline
 90
    4
 70
    1
 43
0
 10
49.6
 20
229.6
 10
50.4
 20
229.6
 10
50.4
 20
230.4
 10
49.6
 20
230.4
  0
LWPOLYLINE
  5
B4
100
AcDbEntity
  8
OBS_COLUMN
  6
ByLayer
 62
  256
370
   -1
100
AcDbPolyline
 90
    4
 70
    1
 43
0
 10
49.6
 20
244.6
 10
50.4
 20
244.6
 10
50.4
 20
245.4
 10
49.6
 20
245.4
  0
LWPOLYLINE
  5
B5
100
AcDbEntity
  8
OBS_COLUMN
  6
ByLayer
 62
  256
370
   -1
100
AcDbPolyline
 90
    4
 70
    1
 43
0
 10
64.59999999999999
 20
4.6
 10
65.40000000000001
 20
4.6
 10
65.40000000000001
 20
5.4
 10
64.59999999999999
 20
5.4
  0
LWPOLYLINE
  5
B6
100
AcDbEntity
  8
OBS_COLUMN
  6
ByLayer
 62
  256
370
   -1
100
AcDbPolyline
 90
    4
 70
    1
 43
0
 10
64.59999999999999
 20
19.6
 10
65.40000000000001
 20
19.6
 10
65.40000000000001
 20
20.4
 10
64.59999999999999
 20
20.4
  0
LWPOLYLINE
  5
B7
100
AcDbEntity
  8
OBS_COLUMN
  6
ByLayer
 62
  256
370
   -1
100
AcDbPolyline
 90
    4
 70
    1
 43
0
 10
64.59999999999999
 20
34.6
 10
65.40000000000001
 20
34.6
 10
65.40000000000001
 20
35.4
 10
64.59999999999999
 20
35.4
  0
LWPOLYLINE
  5
B8
100
AcDbEntity
  8
OBS_COLUMN
  6
ByLayer
 62
  256
370
   -1
100
AcDbPolyline
 90
    4
 70
    1
 43
0
 10
64.59999999999999
 20
49.6
 10
65.40000000000001
 20
49.6
 10
65.40000000000001
 20
50.4
 10
64.59999999999999
 20
50.4
  0
LWPOLYLINE
  5
B9
100
AcDbEntity
  8
OBS_COLUMN
  6
ByLayer
 62
  256
370
   -1
100
AcDbPolyline
 90
    4
 70
    1
 43
0
 10
64.59999999999999
 20
64.59999999999999
 10
65.40000000000001
 20
64.59999999999999
 10
65.40000000000001
 20
65.40000000000001
 10
64.59999999999999
 20
65.40000000000001
  0
LWPOLYLINE
  5
BA
100
AcDbEntity
  8
OBS_COLUMN
  6
ByLayer
 62
  256
370
   -1
100
AcDbPolyline
 90
    4
 70
    1
 43
0
 10
64.59999999999999
 20
79.59999999999999
 10
65.40000000000001
 20
79.59999999999999
 10
65.40000000000001
 20
80.40000000000001
 10
64.59999999999999
 20
80.40000000000001
  0
LWPOLYLINE
  5
BB
100
AcDbEntity
  8
OBS_COLUMN
  6
ByLayer
 62
  256
370
   -1
100
AcDbPolyline
 90
    4
 70
    1
 43
0
 10
64.59999999999999
 20
94.59999999999999
 10
65.40000000000001
 20
94.59999999999999
 10
65.40000000000001
 20
95.40000000000001
 10
64.59999999999999
 20
95.40000000000001
  0
LWPOLYLINE
  5
BC
100
AcDbEntity
  8
OBS_COLUMN
  6
ByLayer
 62
  256
370
   -1
100
AcDbPolyline
 90
    4
 70
    1
 43
0
 10
64.59999999999999
 20
109.6
 10
65.40000000000001
 20
109.6
 10
65.40000000000001
 20
110.4
 10
64.59999999999999
 20
110.4
  0
LWPOLYLINE
  5
BD
100
AcDbEntity
  8
OBS_COLUMN
  6
ByLayer
 62
  256
370
   -1
100
AcDbPolyline
 90
    4
 70
    1
 43
0
 10
64.59999999999999
 20
124.6
 10
65.40000000000001
 20
124.6
 10
65.40000000000001
 20
125.4
 10
64.59999999999999
 20
125.4
  0
LWPOLYLINE
  5
BE
100
AcDbEntity
  8
OBS_COLUMN
  6
ByLayer
 62
  256
370
   -1
100
AcDbPolyline
 90
    4
 70
    1
 43
0
 10
64.59999999999999
 20
139.6
 10
65.40000000000001
 20
139.6
 10
65.40000000000001
 20
140.4
 10
64.59999999999999
 20
140.4
  0
LWPOLYLINE
  5
BF
100
AcDbEntity
  8
OBS_COLUMN
  6
ByLayer
 62
  256
370
   -1
100
AcDbPolyline
 90
    4
 70
    1
 43
0
 10
64.59999999999999
 20
154.6
 10
65.40000000000001
 20
154.6
 10
65.40000000000001
 20
155.4
 10
64.59999999999999
 20
155.4
  0
LWPOLYLINE
  5
C0
100
AcDbEntity
  8
OBS_COLUMN
  6
ByLayer
 62
  256
370
   -1
100
AcDbPolyline
 90
    4
 70
    1
 43
0
 10
64.59999999999999
 20
169.6
 10
65.40000000000001
 20
169.6
 10
65.40000000000001
 20
170.4
 10
64.59999999999999
 20
170.4
  0
LWPOLYLINE
  5
C1
100
AcDbEntity
  8
OBS_COLUMN
  6
ByLayer
 62
  256
370
   -1
100
AcDbPolyline
 90
    4
 70
    1
 43
0
 10
64.59999999999999
 20
184.6
 10
65.40000000000001
 20
184.6
 10
65.40000000000001
 20
185.4
 10
64.59999999999999
 20
185.4
  0
LWPOLYLINE
  5
C2
100
AcDbEntity
  8
OBS_COLUMN
  6
ByLayer
 62
  256
370
   -1
100
AcDbPolyline
 90
    4
 70
    1
 43
0
 10
64.59999999999999
 20
199.6
 10
65.40000000000001
 20
199.6
 10
65.40000000000001
 20
200.4
 10
64.59999999999999
 20
200.4
  0
LWPOLYLINE
  5
C3
100
AcDbEntity
  8
OBS_COLUMN
  6
ByLayer
 62
  256
370
   -1
100
AcDbPolyline
 90
    4
 70
    1
 43
0
 10
64.59999999999999
 20
214.6
 10
65.40000000000001
 20
214.6
 10
65.40000000000001
 20
215.4
 10
64.59999999999999
 20
215.4
  0
LWPOLYLINE
  5
C4
100
AcDbEntity
  8
OBS_COLUMN
  6
ByLayer
 62
  256
370
   -1
100
AcDbPolyline
 90
    4
 70
    1
 43
0
 10
64.59999999999999
 20
229.6
 10
65.40000000000001
 20
229.6
 10
65.40000000000001
 20
230.4
 10
64.59999999999999
 20
230.4
  0
LWPOLYLINE
  5
C5
100
AcDbEntity
  8
OBS_COLUMN
  6
ByLayer
 62
  256
370
   -1
100
AcDbPolyline
 90
    4
 70
    1
 43
0
 10
64.59999999999999
 20
244.6
 10
65.40000000000001
 20
244.6
 10
65.40000000000001
 20
245.4
 10
64.59999999999999
 20
245.4
  0
LWPOLYLINE
  5
C6
100
AcDbEntity
  8
OBS_COLUMN
  6
ByLayer
 62
  256
370
   -1
100
AcDbPolyline
 90
    4
 70
    1
 43
0
 10
79.59999999999999
 20
4.6
 10
80.40000000000001
 20
4.6
 10
80.40000000000001
 20
5.4
 10
79.59999999999999
 20
5.4
  0
LWPOLYLINE
  5
C7
100
AcDbEntity
  8
OBS_COLUMN
  6
ByLayer
 62
  256
370
   -1
100
AcDbPolyline
 90
    4
 70
    1
 43
0
 10
79.59999999999999
 20
19.6
 10
80.40000000000001
 20
19.6
 10
80.40000000000001
 20
20.4
 10
79.59999999999999
 20
20.4
  0
LWPOLYLINE
  5
C8
100
AcDbEntity
  8
OBS_COLUMN
  6
ByLayer
 62
  256
370
   -1
100
AcDbPolyline
 90
    4
 70
    1
 43
0
 10
79.59999999999999
 20
34.6
 10
80.40000000000001
 20
34.6
 10
80.40000000000001
 20
35.4
 10
79.59999999999999
 20
35.4
  0
LWPOLYLINE
  5
C9
100
AcDbEntity
  8
OBS_COLUMN
  6
ByLayer
 62
  256
370
   -1
100
AcDbPolyline
 90
    4
 70
    1
 43
0
 10
79.59999999999999
 20
49.6
 10
80.40000000000001
 20
49.6
 10
80.40000000000001
 20
50.4
 10
79.59999999999999
 20
50.4
  0
LWPOLYLINE
  5
CA
100
AcDbEntity
  8
OBS_COLUMN
  6
ByLayer
 62
  256
370
   -1
100
AcDbPolyline
 90
    4
 70
    1
 43
0
 10
79.59999999999999
 20
64.59999999999999
 10
80.40000000000001
 20
64.59999999999999
 10
80.40000000000001
 20
65.40000000000001
 10
79.59999999999999
 20
65.40000000000001
  0
LWPOLYLINE
  5
CB
100
AcDbEntity
  8
OBS_COLUMN
  6
ByLayer
 62
  256
370
   -1
100
AcDbPolyline
 90
    4
 70
    1
 43
0
 10
79.59999999999999
 20
79.59999999999999
 10
80.40000000000001
 20
79.59999999999999
 10
80.40000000000001
 20
80.40000000000001
 10
79.59999999999999
 20
80.40000000000001
  0
LWPOLYLINE
  5
CC
100
AcDbEntity
  8
OBS_COLUMN
  6
ByLayer
 62
  256
370
   -1
100
AcDbPolyline
 90
    4
 70
    1
 43
0
 10
79.59999999999999
 20
94.59999999999999
 10
80.40000000000001
 20
94.59999999999999
 10
80.40000000000001
 20
95.40000000000001
 10
79.59999999999999
 20
95.40000000000001
  0
LWPOLYLINE
  5
CD
100
AcDbEntity
  8
OBS_COLUMN
  6
ByLayer
 62
  256
370
   -1
100
AcDbPolyline
 90
    4
 70
    1
 43
0
 10
79.59999999999999
 20
109.6
 10
80.40000000000001
 20
109.6
 10
80.40000000000001
 20
110.4
 10
79.59999999999999
 20
110.4
  0
LWPOLYLINE
  5
CE
100
AcDbEntity
  8
OBS_COLUMN
  6
ByLayer
 62
  256
370
   -1
100
AcDbPolyline
 90
    4
 70
    1
 43
0
 10
79.59999999999999
 20
124.6
 10
80.40000000000001
 20
124.6
 10
80.40000000000001
 20
125.4
 10
79.59999999999999
 20
125.4
  0
LWPOLYLINE
  5
CF
100
AcDbEntity
  8
OBS_COLUMN
  6
ByLayer
 62
  256
370
   -1
100
AcDbPolyline
 90
    4
 70
    1
 43
0
 10
79.59999999999999
 20
139.6
 10
80.40000000000001
 20
139.6
 10
80.40000000000001
 20
140.4
 10
79.59999999999999
 20
140.4
  0
LWPOLYLINE
  5
D0
100
AcDbEntity
  8
OBS_COLUMN
  6
ByLayer
 62
  256
370
   -1
100
AcDbPolyline
 90
    4
 70
    1
 43
0
 10
79.59999999999999
 20
154.6
 10
80.40000000000001
 20
154.6
 10
80.40000000000001
 20
155.4
 10
79.59999999999999
 20
155.4
  0
LWPOLYLINE
  5
D1
100
AcDbEntity
  8
OBS_COLUMN
  6
ByLayer
 62
  256
370
   -1
100
AcDbPolyline
 90
    4
 70
    1
 43
0
 10
79.59999999999999
 20
169.6
 10
80.40000000000001
 20
169.6
 10
80.40000000000001
 20
170.4
 10
79.59999999999999
 20
170.4
  0
LWPOLYLINE
  5
D2
100
AcDbEntity
  8
OBS_COLUMN
  6
ByLayer
 62
  256
370
   -1
100
AcDbPolyline
 90
    4
 70
    1
 43
0
 10
79.59999999999999
 20
184.6
 10
80.40000000000001
 20
184.6
 10
80.40000000000001
 20
185.4
 10
79.59999999999999
 20
185.4
  0
LWPOLYLINE
  5
D3
100
AcDbEntity
  8
OBS_COLUMN
  6
ByLayer
 62
  256
370
   -1
100
AcDbPolyline
 90
    4
 70
    1
 43
0
 10
79.59999999999999
 20
199.6
 10
80.40000000000001
 20
199.6
 10
80.40000000000001
 20
200.4
 10
79.59999999999999
 20
200.4
  0
LWPOLYLINE
  5
D4
100
AcDbEntity
  8
OBS_COLUMN
  6
ByLayer
 62
  256
370
   -1
100
AcDbPolyline
 90
    4
 70
    1
 43
0
 10
79.59999999999999
 20
214.6
 10
80.40000000000001
 20
214.6
 10
80.40000000000001
 20
215.4
 10
79.59999999999999
 20
215.4
  0
LWPOLYLINE
  5
D5
100
AcDbEntity
  8
OBS_COLUMN
  6
ByLayer
 62
  256
370
   -1
100
AcDbPolyline
 90
    4
 70
    1
 43
0
 10
79.59999999999999
 20
229.6
 10
80.40000000000001
 20
229.6
 10
80.40000000000001
 20
230.4
 10
79.59999999999999
 20
230.4
  0
LWPOLYLINE
  5
D6
100
AcDbEntity
  8
OBS_COLUMN
  6
ByLayer
 62
  256
370
   -1
100
AcDbPolyline
 90
    4
 70
    1
 43
0
 10
79.59999999999999
 20
244.6
 10
80.40000000000001
 20
244.6
 10
80.40000000000001
 20
245.4
 10
79.59999999999999
 20
245.4
  0
LWPOLYLINE
  5
D7
100
AcDbEntity
  8
OBS_COLUMN
  6
ByLayer
 62
  256
370
   -1
100
AcDbPolyline
 90
    4
 70
    1
 43
0
 10
94.59999999999999
 20
4.6
 10
95.40000000000001
 20
4.6
 10
95.40000000000001
 20
5.4
 10
94.59999999999999
 20
5.4
  0
LWPOLYLINE
  5
D8
100
AcDbEntity
  8
OBS_COLUMN
  6
ByLayer
 62
  256
370
   -1
100
AcDbPolyline
 90
    4
 70
    1
 43
0
 10
94.59999999999999
 20
19.6
 10
95.40000000000001
 20
19.6
 10
95.40000000000001
 20
20.4
 10
94.59999999999999
 20
20.4
  0
LWPOLYLINE
  5
D9
100
AcDbEntity
  8
OBS_COLUMN
  6
ByLayer
 62
  256
370
   -1
100
AcDbPolyline
 90
    4
 70
    1
 43
0
 10
94.59999999999999
 20
34.6
 10
95.40000000000001
 20
34.6
 10
95.40000000000001
 20
35.4
 10
94.59999999999999
 20
35.4
  0
LWPOLYLINE
  5
DA
100
AcDbEntity
  8
OBS_COLUMN
  6
ByLayer
 62
  256
370
   -1
100
AcDbPolyline
 90
    4
 70
    1
 43
0
 10
94.59999999999999
 20
49.6
 10
95.40000000000001
 20
49.6
 10
95.40000000000001
 20
50.4
 10
94.59999999999999
 20
50.4
  0
LWPOLYLINE
  5
DB
100
AcDbEntity
  8
OBS_COLUMN
  6
ByLayer
 62
  256
370
   -1
100
AcDbPolyline
 90
    4
 70
    1
 43
0
 10
94.59999999999999
 20
64.59999999999999
 10
95.40000000000001
 20
64.59999999999999
 10
95.40000000000001
 20
65.40000000000001
 10
94.59999999999999
 20
65.40000000000001
  0
LWPOLYLINE
  5
DC
100
AcDbEntity
  8
OBS_COLUMN
  6
ByLayer
 62
  256
370
   -1
100
AcDbPolyline
 90
    4
 70
    1
 43
0
 10
94.59999999999999
 20
79.59999999999999
 10
95.40000000000001
 20
79.59999999999999
 10
95.40000000000001
 20
80.40000000000001
 10
94.59999999999999
 20
80.40000000000001
  0
LWPOLYLINE
  5
DD
100
AcDbEntity
  8
OBS_COLUMN
  6
ByLayer
 62
  256
370
   -1
100
AcDbPolyline
 90
    4
 70
    1
 43
0
 10
94.59999999999999
 20
94.59999999999999
 10
95.40000000000001
 20
94.59999999999999
 10
95.40000000000001
 20
95.40000000000001
 10
94.59999999999999
 20
95.40000000000001
  0
LWPOLYLINE
  5
DE
100
AcDbEntity
  8
OBS_COLUMN
  6
ByLayer
 62
  256
370
   -1
100
AcDbPolyline
 90
    4
 70
    1
 43
0
 10
94.59999999999999
 20
109.6
 10
95.40000000000001
 20
109.6
 10
95.40000000000001
 20
110.4
 10
94.59999999999999
 20
110.4
  0
LWPOLYLINE
  5
DF
100
AcDbEntity
  8
OBS_COLUMN
  6
ByLayer
 62
  256
370
   -1
100
AcDbPolyline
 90
    4
 70
    1
 43
0
 10
94.59999999999999
 20
124.6
 10
95.40000000000001
 20
124.6
 10
95.40000000000001
 20
125.4
 10
94.59999999999999
 20
125.4
  0
LWPOLYLINE
  5
E0
100
AcDbEntity
  8
OBS_COLUMN
  6
ByLayer
 62
  256
370
   -1
100
AcDbPolyline
 90
    4
 70
    1
 43
0
 10
94.59999999999999
 20
139.6
 10
95.40000000000001
 20
139.6
 10
95.40000000000001
 20
140.4
 10
94.59999999999999
 20
140.4
  0
LWPOLYLINE
  5
E1
100
AcDbEntity
  8
OBS_COLUMN
  6
ByLayer
 62
  256
370
   -1
100
AcDbPolyline
 90
    4
 70
    1
 43
0
 10
94.59999999999999
 20
154.6
 10
95.40000000000001
 20
154.6
 10
95.40000000000001
 20
155.4
 10
94.59999999999999
 20
155.4
  0
LWPOLYLINE
  5
E2
100
AcDbEntity
  8
OBS_COLUMN
  6
ByLayer
 62
  256
370
   -1
100
AcDbPolyline
 90
    4
 70
    1
 43
0
 10
94.59999999999999
 20
169.6
 10
95.40000000000001
 20
169.6
 10
95.40000000000001
 20
170.4
 10
94.59999999999999
 20
170.4
  0
LWPOLYLINE
  5
E3
100
AcDbEntity
  8
OBS_COLUMN
  6
ByLayer
 62
  256
370
   -1
100
AcDbPolyline
 90
    4
 70
    1
 43
0
 10
94.59999999999999
 20
184.6
 10
95.40000000000001
 20
184.6
 10
95.40000000000001
 20
185.4
 10
94.59999999999999
 20
185.4
  0
LWPOLYLINE
  5
E4
100
AcDbEntity
  8
OBS_COLUMN
  6
ByLayer
 62
  256
370
   -1
100
AcDbPolyline
 90
    4
 70
    1
 43
0
 10
94.59999999999999
 20
199.6
 10
95.40000000000001
 20
199.6
 10
95.40000000000001
 20
200.4
 10
94.59999999999999
 20
200.4
  0
LWPOLYLINE
  5
E5
100
AcDbEntity
  8
OBS_COLUMN
  6
ByLayer
 62
  256
370
   -1
100
AcDbPolyline
 90
    4
 70
    1
 43
0
 10
94.59999999999999
 20
214.6
 10
95.40000000000001
 20
214.6
 10
95.40000000000001
 20
215.4
 10
94.59999999999999
 20
215.4
  0
LWPOLYLINE
  5
E6
100
AcDbEntity
  8
OBS_COLUMN
  6
ByLayer
 62
  256
370
   -1
100
AcDbPolyline
 90
    4
 70
    1
 43
0
 10
94.59999999999999
 20
229.6
 10
95.40000000000001
 20
229.6
 10
95.40000000000001
 20
230.4
 10
94.59999999999999
 20
230.4
  0
LWPOLYLINE
  5
E7
100
AcDbEntity
  8
OBS_COLUMN
  6
ByLayer
 62
  256
370
   -1
100
AcDbPolyline
 90
    4
 70
    1
 43
0
 10
94.59999999999999
 20
244.6
 10
95.40000000000001
 20
244.6
 10
95.40000000000001
 20
245.4
 10
94.59999999999999
 20
245.4
  0
LWPOLYLINE
  5
E8
100
AcDbEntity
  8
OBS_COLUMN
  6
ByLayer
 62
  256
370
   -1
100
AcDbPolyline
 90
    4
 70
    1
 43
0
 10
109.6
 20
4.6
 10
110.4
 20
4.6
 10
110.4
 20
5.4
 10
109.6
 20
5.4
  0
LWPOLYLINE
  5
E9
100
AcDbEntity
  8
OBS_COLUMN
  6
ByLayer
 62
  256
370
   -1
100
AcDbPolyline
 90
    4
 70
    1
 43
0
 10
109.6
 20
19.6
 10
110.4
 20
19.6
 10
110.4
 20
20.4
 10
109.6
 20
20.4
  0
LWPOLYLINE
  5
EA
100
AcDbEntity
  8
OBS_COLUMN
  6
ByLayer
 62
  256
370
   -1
100
AcDbPolyline
 90
    4
 70
    1
 43
0
 10
109.6
 20
34.6
 10
110.4
 20
34.6
 10
110.4
 20
35.4
 10
109.6
 20
35.4
  0
LWPOLYLINE
  5
EB
100
AcDbEntity
  8
OBS_COLUMN
  6
ByLayer
 62
  256
370
   -1
100
AcDbPolyline
 90
    4
 70
    1
 43
0
 10
109.6
 20
49.6
 10
110.4
 20
49.6
 10
110.4
 20
50.4
 10
109.6
 20
50.4
  0
LWPOLYLINE
  5
EC
100
AcDbEntity
  8
OBS_COLUMN
  6
ByLayer
 62
  256
370
   -1
100
AcDbPolyline
 90
    4
 70
    1
 43
0
 10
109.6
 20
64.59999999999999
 10
110.4
 20
64.59999999999999
 10
110.4
 20
65.40000000000001
 10
109.6
 20
65.40000000000001
  0
LWPOLYLINE
  5
ED
100
AcDbEntity
  8
OBS_COLUMN
  6
ByLayer
 62
  256
370
   -1
100
AcDbPolyline
 90
    4
 70
    1
 43
0
 10
109.6
 20
79.59999999999999
 10
110.4
 20
79.59999999999999
 10
110.4
 20
80.40000000000001
 10
109.6
 20
80.40000000000001
  0
LWPOLYLINE
  5
EE
100
AcDbEntity
  8
OBS_COLUMN
  6
ByLayer
 62
  256
370
   -1
100
AcDbPolyline
 90
    4
 70
    1
 43
0
 10
109.6
 20
94.59999999999999
 10
110.4
 20
94.59999999999999
 10
110.4
 20
95.40000000000001
 10
109.6
 20
95.40000000000001
  0
LWPOLYLINE
  5
EF
100
AcDbEntity
  8
OBS_COLUMN
  6
ByLayer
 62
  256
370
   -1
100
AcDbPolyline
 90
    4
 70
    1
 43
0
 10
109.6
 20
109.6
 10
110.4
 20
109.6
 10
110.4
 20
110.4
 10
109.6
 20
110.4
  0
LWPOLYLINE
  5
F0
100
AcDbEntity
  8
OBS_COLUMN
  6
ByLayer
 62
  256
370
   -1
100
AcDbPolyline
 90
    4
 70
    1
 43
0
 10
109.6
 20
124.6
 10
110.4
 20
124.6
 10
110.4
 20
125.4
 10
109.6
 20
125.4
  0
LWPOLYLINE
  5
F1
100
AcDbEntity
  8
OBS_COLUMN
  6
ByLayer
 62
  256
370
   -1
100
AcDbPolyline
 90
    4
 70
    1
 43
0
 10
109.6
 20
139.6
 10
110.4
 20
139.6
 10
110.4
 20
140.4
 10
109.6
 20
140.4
  0
LWPOLYLINE
  5
F2
100
AcDbEntity
  8
OBS_COLUMN
  6
ByLayer
 62
  256
370
   -1
100
AcDbPolyline
 90
    4
 70
    1
 43
0
 10
109.6
 20
154.6
 10
110.4
 20
154.6
 10
110.4
 20
155.4
 10
109.6
 20
155.4
  0
LWPOLYLINE
  5
F3
100
AcDbEntity
  8
OBS_COLUMN
  6
ByLayer
 62
  256
370
   -1
100
AcDbPolyline
 90
    4
 70
    1
 43
0
 10
109.6
 20
169.6
 10
110.4
 20
169.6
 10
110.4
 20
170.4
 10
109.6
 20
170.4
  0
LWPOLYLINE
  5
F4
100
AcDbEntity
  8
OBS_COLUMN
  6
ByLayer
 62
  256
370
   -1
100
AcDbPolyline
 90
    4
 70
    1
 43
0
 10
109.6
 20
184.6
 10
110.4
 20
184.6
 10
110.4
 20
185.4
 10
109.6
 20
185.4
  0
LWPOLYLINE
  5
F5
100
AcDbEntity
  8
OBS_COLUMN
  6
ByLayer
 62
  256
370
   -1
100
AcDbPolyline
 90
    4
 70
    1
 43
0
 10
109.6
 20
199.6
 10
110.4
 20
199.6
 10
110.4
 20
200.4
 10
109.6
 20
200.4
  0
LWPOLYLINE
  5
F6
100
AcDbEntity
  8
OBS_COLUMN
  6
ByLayer
 62
  256
370
   -1
100
AcDbPolyline
 90
    4
 70
    1
 43
0
 10
109.6
 20
214.6
 10
110.4
 20
214.6
 10
110.4
 20
215.4
 10
109.6
 20
215.4
  0
LWPOLYLINE
  5
F7
100
AcDbEntity
  8
OBS_COLUMN
  6
ByLayer
 62
  256
370
   -1
100
AcDbPolyline
 90
    4
 70
    1
 43
0
 10
109.6
 20
229.6
 10
110.4
 20
229.6
 10
110.4
 20
230.4
 10
109.6
 20
230.4
  0
LWPOLYLINE
  5
F8
100
AcDbEntity
  8
OBS_COLUMN
  6
ByLayer
 62
  256
370
   -1
100
AcDbPolyline
 90
    4
 70
    1
 43
0
 10
109.6
 20
244.6
 10
110.4
 20
244.6
 10
110.4
 20
245.4
 10
109.6
 20
245.4
  0
LWPOLYLINE
  5
F9
100
AcDbEntity
  8
OBS_COLUMN
  6
ByLayer
 62
  256
370
   -1
100
AcDbPolyline
 90
    4
 70
    1
 43
0
 10
124.6
 20
4.6
 10
125.4
 20
4.6
 10
125.4
 20
5.4
 10
124.6
 20
5.4
  0
LWPOLYLINE
  5
FA
100
AcDbEntity
  8
OBS_COLUMN
  6
ByLayer
 62
  256
370
   -1
100
AcDbPolyline
 90
    4
 70
    1
 43
0
 10
124.6
 20
19.6
 10
125.4
 20
19.6
 10
125.4
 20
20.4
 10
124.6
 20
20.4
  0
LWPOLYLINE
  5
FB
100
AcDbEntity
  8
OBS_COLUMN
  6
ByLayer
 62
  256
370
   -1
100
AcDbPolyline
 90
    4
 70
    1
 43
0
 10
124.6
 20
34.6
 10
125.4
 20
34.6
 10
125.4
 20
35.4
 10
124.6
 20
35.4
  0
LWPOLYLINE
  5
FC
100
AcDbEntity
  8
OBS_COLUMN
  6
ByLayer
 62
  256
370
   -1
100
AcDbPolyline
 90
    4
 70
    1
 43
0
 10
124.6
 20
49.6
 10
125.4
 20
49.6
 10
125.4
 20
50.4
 10
124.6
 20
50.4
  0
LWPOLYLINE
  5
FD
100
AcDbEntity
  8
OBS_COLUMN
  6
ByLayer
 62
  256
370
   -1
100
AcDbPolyline
 90
    4
 70
    1
 43
0
 10
124.6
 20
64.59999999999999
 10
125.4
 20
64.59999999999999
 10
125.4
 20
65.40000000000001
 10
124.6
 20
65.40000000000001
  0
LWPOLYLINE
  5
FE
100
AcDbEntity
  8
OBS_COLUMN
  6
ByLayer
 62
  256
370
   -1
100
AcDbPolyline
 90
    4
 70
    1
 43
0
 10
124.6
 20
79.59999999999999
 10
125.4
 20
79.59999999999999
 10
125.4
 20
80.40000000000001
 10
124.6
 20
80.40000000000001
  0
LWPOLYLINE
  5
FF
100
AcDbEntity
  8
OBS_COLUMN
  6
ByLayer
 62
  256
370
   -1
100
AcDbPolyline
 90
    4
 70
    1
 43
0
 10
124.6
 20
94.59999999999999
 10
125.4
 20
94.59999999999999
 10
125.4
 20
95.40000000000001
 10
124.6
 20
95.40000000000001
  0
LWPOLYLINE
  5
100
100
AcDbEntity
  8
OBS_COLUMN
  6
ByLayer
 62
  256
370
   -1
100
AcDbPolyline
 90
    4
 70
    1
 43
0
 10
124.6
 20
109.6
 10
125.4
 20
109.6
 10
125.4
 20
110.4
 10
124.6
 20
110.4
  0
LWPOLYLINE
  5
101
100
AcDbEntity
  8
OBS_COLUMN
  6
ByLayer
 62
  256
370
   -1
100
AcDbPolyline
 90
    4
 70
    1
 43
0
 10
124.6
 20
124.6
 10
125.4
 20
124.6
 10
125.4
 20
125.4
 10
124.6
 20
125.4
  0
LWPOLYLINE
  5
102
100
AcDbEntity
  8
OBS_COLUMN
  6
ByLayer
 62
  256
370
   -1
100
AcDbPolyline
 90
    4
 70
    1
 43
0
 10
124.6
 20
139.6
 10
125.4
 20
139.6
 10
125.4
 20
140.4
 10
124.6
 20
140.4
  0
LWPOLYLINE
  5
103
100
AcDbEntity
  8
OBS_COLUMN
  6
ByLayer
 62
  256
370
   -1
100
AcDbPolyline
 90
    4
 70
    1
 43
0
 10
124.6
 20
154.6
 10
125.4
 20
154.6
 10
125.4
 20
155.4
 10
124.6
 20
155.4
  0
LWPOLYLINE
  5
104
100
AcDbEntity
  8
OBS_COLUMN
  6
ByLayer
 62
  256
370
   -1
100
AcDbPolyline
 90
    4
 70
    1
 43
0
 10
124.6
 20
169.6
 10
125.4
 20
169.6
 10
125.4
 20
170.4
 10
124.6
 20
170.4
  0
LWPOLYLINE
  5
105
100
AcDbEntity
  8
OBS_COLUMN
  6
ByLayer
 62
  256
370
   -1
100
AcDbPolyline
 90
    4
 70
    1
 43
0
 10
124.6
 20
184.6
 10
125.4
 20
184.6
 10
125.4
 20
185.4
 10
124.6
 20
185.4
  0
LWPOLYLINE
  5
106
100
AcDbEntity
  8
OBS_COLUMN
  6
ByLayer
 62
  256
370
   -1
100
AcDbPolyline
 90
    4
 70
    1
 43
0
 10
124.6
 20
199.6
 10
125.4
 20
199.6
 10
125.4
 20
200.4
 10
124.6
 20
200.4
  0
LWPOLYLINE
  5
107
100
AcDbEntity
  8
OBS_COLUMN
  6
ByLayer
 62
  256
370
   -1
100
AcDbPolyline
 90
    4
 70
    1
 43
0
 10
124.6
 20
214.6
 10
125.4
 20
214.6
 10
125.4
 20
215.4
 10
124.6
 20
215.4
  0
LWPOLYLINE
  5
108
100
AcDbEntity
  8
OBS_COLUMN
  6
ByLayer
 62
  256
370
   -1
100
AcDbPolyline
 90
    4
 70
    1
 43
0
 10
124.6
 20
229.6
 10
125.4
 20
229.6
 10
125.4
 20
230.4
 10
124.6
 20
230.4
  0
LWPOLYLINE
  5
109
100
AcDbEntity
  8
OBS_COLUMN
  6
ByLayer
 62
  256
370
   -1
100
AcDbPolyline
 90
    4
 70
    1
 43
0
 10
124.6
 20
244.6
 10
125.4
 20
244.6
 10
125.4
 20
245.4
 10
124.6
 20
245.4
  0
LWPOLYLINE
  5
10A
100
AcDbEntity
  8
OBS_COLUMN
  6
ByLayer
 62
  256
370
   -1
100
AcDbPolyline
 90
    4
 70
    1
 43
0
 10
139.6
 20
4.6
 10
140.4
 20
4.6
 10
140.4
 20
5.4
 10
139.6
 20
5.4
  0
LWPOLYLINE
  5
10B
100
AcDbEntity
  8
OBS_COLUMN
  6
ByLayer
 62
  256
370
   -1
100
AcDbPolyline
 90
    4
 70
    1
 43
0
 10
139.6
 20
19.6
 10
140.4
 20
19.6
 10
140.4
 20
20.4
 10
139.6
 20
20.4
  0
LWPOLYLINE
  5
10C
100
AcDbEntity
  8
OBS_COLUMN
  6
ByLayer
 62
  256
370
   -1
100
AcDbPolyline
 90
    4
 70
    1
 43
0
 10
139.6
 20
34.6
 10
140.4
 20
34.6
 10
140.4
 20
35.4
 10
139.6
 20
35.4
  0
LWPOLYLINE
  5
10D
100
AcDbEntity
  8
OBS_COLUMN
  6
ByLayer
 62
  256
370
   -1
100
AcDbPolyline
 90
    4
 70
    1
 43
0
 10
139.6
 20
49.6
 10
140.4
 20
49.6
 10
140.4
 20
50.4
 10
139.6
 20
50.4
  0
LWPOLYLINE
  5
10E
100
AcDbEntity
  8
OBS_COLUMN
  6
ByLayer
 62
  256
370
   -1
100
AcDbPolyline
 90
    4
 70
    1
 43
0
 10
139.6
 20
64.59999999999999
 10
140.4
 20
64.59999999999999
 10
140.4
 20
65.40000000000001
 10
139.6
 20
65.40000000000001
  0
LWPOLYLINE
  5
10F
100
AcDbEntity
  8
OBS_COLUMN
  6
ByLayer
 62
  256
370
   -1
100
AcDbPolyline
 90
    4
 70
    1
 43
0
 10
139.6
 20
79.59999999999999
 10
140.4
 20
79.59999999999999
 10
140.4
 20
80.40000000000001
 10
139.6
 20
80.40000000000001
  0
LWPOLYLINE
  5
110
100
AcDbEntity
  8
OBS_COLUMN
  6
ByLayer
 62
  256
370
   -1
100
AcDbPolyline
 90
    4
 70
    1
 43
0
 10
139.6
 20
94.59999999999999
 10
140.4
 20
94.59999999999999
 10
140.4
 20
95.40000000000001
 10
139.6
 20
95.40000000000001
  0
LWPOLYLINE
  5
111
100
AcDbEntity
  8
OBS_COLUMN
  6
ByLayer
 62
  256
370
   -1
100
AcDbPolyline
 90
    4
 70
    1
 43
0
 10
139.6
 20
109.6
 10
140.4
 20
109.6
 10
140.4
 20
110.4
 10
139.6
 20
110.4
  0
LWPOLYLINE
  5
112
100
AcDbEntity
  8
OBS_COLUMN
  6
ByLayer
 62
  256
370
   -1
100
AcDbPolyline
 90
    4
 70
    1
 43
0
 10
139.6
 20
124.6
 10
140.4
 20
124.6
 10
140.4
 20
125.4
 10
139.6
 20
125.4
  0
LWPOLYLINE
  5
113
100
AcDbEntity
  8
OBS_COLUMN
  6
ByLayer
 62
  256
370
   -1
100
AcDbPolyline
 90
    4
 70
    1
 43
0
 10
139.6
 20
139.6
 10
140.4
 20
139.6
 10
140.4
 20
140.4
 10
139.6
 20
140.4
  0
LWPOLYLINE
  5
114
100
AcDbEntity
  8
OBS_COLUMN
  6
ByLayer
 62
  256
370
   -1
100
AcDbPolyline
 90
    4
 70
    1
 43
0
 10
139.6
 20
154.6
 10
140.4
 20
154.6
 10
140.4
 20
155.4
 10
139.6
 20
155.4
  0
LWPOLYLINE
  5
115
100
AcDbEntity
  8
OBS_COLUMN
  6
ByLayer
 62
  256
370
   -1
100
AcDbPolyline
 90
    4
 70
    1
 43
0
 10
139.6
 20
169.6
 10
140.4
 20
169.6
 10
140.4
 20
170.4
 10
139.6
 20
170.4
  0
LWPOLYLINE
  5
116
100
AcDbEntity
  8
OBS_COLUMN
  6
ByLayer
 62
  256
370
   -1
100
AcDbPolyline
 90
    4
 70
    1
 43
0
 10
139.6
 20
184.6
 10
140.4
 20
184.6
 10
140.4
 20
185.4
 10
139.6
 20
185.4
  0
LWPOLYLINE
  5
117
100
AcDbEntity
  8
OBS_COLUMN
  6
ByLayer
 62
  256
370
   -1
100
AcDbPolyline
 90
    4
 70
    1
 43
0
 10
139.6
 20
199.6
 10
140.4
 20
199.6
 10
140.4
 20
200.4
 10
139.6
 20
200.4
  0
LWPOLYLINE
  5
118
100
AcDbEntity
  8
OBS_COLUMN
  6
ByLayer
 62
  256
370
   -1
100
AcDbPolyline
 90
    4
 70
    1
 43
0
 10
139.6
 20
214.6
 10
140.4
 20
214.6
 10
140.4
 20
215.4
 10
139.6
 20
215.4
  0
LWPOLYLINE
  5
119
100
AcDbEntity
  8
OBS_COLUMN
  6
ByLayer
 62
  256
370
   -1
100
AcDbPolyline
 90
    4
 70
    1
 43
0
 10
139.6
 20
229.6
 10
140.4
 20
229.6
 10
140.4
 20
230.4
 10
139.6
 20
230.4
  0
LWPOLYLINE
  5
11A
100
AcDbEntity
  8
OBS_COLUMN
  6
ByLayer
 62
  256
370
   -1
100
AcDbPolyline
 90
    4
 70
    1
 43
0
 10
139.6
 20
244.6
 10
140.4
 20
244.6
 10
140.4
 20
245.4
 10
139.6
 20
245.4
  0
LWPOLYLINE
  5
11B
100
AcDbEntity
  8
OBS_COLUMN
  6
ByLayer
 62
  256
370
   -1
100
AcDbPolyline
 90
    4
 70
    1
 43
0
 10
154.6
 20
4.6
 10
155.4
 20
4.6
 10
155.4
 20
5.4
 10
154.6
 20
5.4
  0
LWPOLYLINE
  5
11C
100
AcDbEntity
  8
OBS_COLUMN
  6
ByLayer
 62
  256
370
   -1
100
AcDbPolyline
 90
    4
 70
    1
 43
0
 10
154.6
 20
19.6
 10
155.4
 20
19.6
 10
155.4
 20
20.4
 10
154.6
 20
20.4
  0
LWPOLYLINE
  5
11D
100
AcDbEntity
  8
OBS_COLUMN
  6
ByLayer
 62
  256
370
   -1
100
AcDbPolyline
 90
    4
 70
    1
 43
0
 10
154.6
 20
34.6
 10
155.4
 20
34.6
 10
155.4
 20
35.4
 10
154.6
 20
35.4
  0
LWPOLYLINE
  5
11E
100
AcDbEntity
  8
OBS_COLUMN
  6
ByLayer
 62
  256
370
   -1
100
AcDbPolyline
 90
    4
 70
    1
 43
0
 10
154.6
 20
49.6
 10
155.4
 20
49.6
 10
155.4
 20
50.4
 10
154.6
 20
50.4
  0
LWPOLYLINE
  5
11F
100
AcDbEntity
  8
OBS_COLUMN
  6
ByLayer
 62
  256
370
   -1
100
AcDbPolyline
 90
    4
 70
    1
 43
0
 10
154.6
 20
64.59999999999999
 10
155.4
 20
64.59999999999999
 10
155.4
 20
65.40000000000001
 10
154.6
 20
65.40000000000001
  0
LWPOLYLINE
  5
120
100
AcDbEntity
  8
OBS_COLUMN
  6
ByLayer
 62
  256
370
   -1
100
AcDbPolyline
 90
    4
 70
    1
 43
0
 10
154.6
 20
79.59999999999999
 10
155.4
 20
79.59999999999999
 10
155.4
 20
80.40000000000001
 10
154.6
 20
80.40000000000001
  0
LWPOLYLINE
  5
121
100
AcDbEntity
  8
OBS_COLUMN
  6
ByLayer
 62
  256
370
   -1
100
AcDbPolyline
 90
    4
 70
    1
 43
0
 10
154.6
 20
94.59999999999999
 10
155.4
 20
94.59999999999999
 10
155.4
 20
95.40000000000001
 10
154.6
 20
95.40000000000001
  0
LWPOLYLINE
  5
122
100
AcDbEntity
  8
OBS_COLUMN
  6
ByLayer
 62
  256
370
   -1
100
AcDbPolyline
 90
    4
 70
    1
 43
0
 10
154.6
 20
109.6
 10
155.4
 20
109.6
 10
155.4
 20
110.4
 10
154.6
 20
110.4
  0
LWPOLYLINE
  5
123
100
AcDbEntity
  8
OBS_COLUMN
  6
ByLayer
 62
  256
370
   -1
100
AcDbPolyline
 90
    4
 70
    1
 43
0
 10
154.6
 20
124.6
 10
155.4
 20
124.6
 10
155.4
 20
125.4
 10
154.6
 20
125.4
  0
LWPOLYLINE
  5
124
100
AcDbEntity
  8
OBS_COLUMN
  6
ByLayer
 62
  256
370
   -1
100
AcDbPolyline
 90
    4
 70
    1
 43
0
 10
154.6
 20
139.6
 10
155.4
 20
139.6
 10
155.4
 20
140.4
 10
154.6
 20
140.4
  0
LWPOLYLINE
  5
125
100
AcDbEntity
  8
OBS_COLUMN
  6
ByLayer
 62
  256
370
   -1
100
AcDbPolyline
 90
    4
 70
    1
 43
0
 10
154.6
 20
154.6
 10
155.4
 20
154.6
 10
155.4
 20
155.4
 10
154.6
 20
155.4
  0
LWPOLYLINE
  5
126
100
AcDbEntity
  8
OBS_COLUMN
  6
ByLayer
 62
  256
370
   -1
100
AcDbPolyline
 90
    4
 70
    1
 43
0
 10
154.6
 20
169.6
 10
155.4
 20
169.6
 10
155.4
 20
170.4
 10
154.6
 20
170.4
  0
LWPOLYLINE
  5
127
100
AcDbEntity
  8
OBS_COLUMN
  6
ByLayer
 62
  256
370
   -1
100
AcDbPolyline
 90
    4
 70
    1
 43
0
 10
154.6
 20
184.6
 10
155.4
 20
184.6
 10
155.4
 20
185.4
 10
154.6
 20
185.4
  0
LWPOLYLINE
  5
128
100
AcDbEntity
  8
OBS_COLUMN
  6
ByLayer
 62
  256
370
   -1
100
AcDbPolyline
 90
    4
 70
    1
 43
0
 10
154.6
 20
199.6
 10
155.4
 20
199.6
 10
155.4
 20
200.4
 10
154.6
 20
200.4
  0
LWPOLYLINE
  5
129
100
AcDbEntity
  8
OBS_COLUMN
  6
ByLayer
 62
  256
370
   -1
100
AcDbPolyline
 90
    4
 70
    1
 43
0
 10
154.6
 20
214.6
 10
155.4
 20
214.6
 10
155.4
 20
215.4
 10
154.6
 20
215.4
  0
LWPOLYLINE
  5
12A
100
AcDbEntity
  8
OBS_COLUMN
  6
ByLayer
 62
  256
370
   -1
100
AcDbPolyline
 90
    4
 70
    1
 43
0
 10
154.6
 20
229.6
 10
155.4
 20
229.6
 10
155.4
 20
230.4
 10
154.6
 20
230.4
  0
LWPOLYLINE
  5
12B
100
AcDbEntity
  8
OBS_COLUMN
  6
ByLayer
 62
  256
370
   -1
100
AcDbPolyline
 90
    4
 70
    1
 43
0
 10
154.6
 20
244.6
 10
155.4
 20
244.6
 10
155.4
 20
245.4
 10
154.6
 20
245.4
  0
LWPOLYLINE
  5
12C
100
AcDbEntity
  8
OBS_COLUMN
  6
ByLayer
 62
  256
370
   -1
100
AcDbPolyline
 90
    4
 70
    1
 43
0
 10
169.6
 20
4.6
 10
170.4
 20
4.6
 10
170.4
 20
5.4
 10
169.6
 20
5.4
  0
LWPOLYLINE
  5
12D
100
AcDbEntity
  8
OBS_COLUMN
  6
ByLayer
 62
  256
370
   -1
100
AcDbPolyline
 90
    4
 70
    1
 43
0
 10
169.6
 20
19.6
 10
170.4
 20
19.6
 10
170.4
 20
20.4
 10
169.6
 20
20.4
  0
LWPOLYLINE
  5
12E
100
AcDbEntity
  8
OBS_COLUMN
  6
ByLayer
 62
  256
370
   -1
100
AcDbPolyline
 90
    4
 70
    1
 43
0
 10
169.6
 20
34.6
 10
170.4
 20
34.6
 10
170.4
 20
35.4
 10
169.6
 20
35.4
  0
LWPOLYLINE
  5
12F
100
AcDbEntity
  8
OBS_COLUMN
  6
ByLayer
 62
  256
370
   -1
100
AcDbPolyline
 90
    4
 70
    1
 43
0
 10
169.6
 20
49.6
 10
170.4
 20
49.6
 10
170.4
 20
50.4
 10
169.6
 20
50.4
  0
LWPOLYLINE
  5
130
100
AcDbEntity
  8
OBS_COLUMN
  6
ByLayer
 62
  256
370
   -1
100
AcDbPolyline
 90
    4
 70
    1
 43
0
 10
169.6
 20
64.59999999999999
 10
170.4
 20
64.59999999999999
 10
170.4
 20
65.40000000000001
 10
169.6
 20
65.40000000000001
  0
LWPOLYLINE
  5
131
100
AcDbEntity
  8
OBS_COLUMN
  6
ByLayer
 62
  256
370
   -1
100
AcDbPolyline
 90
    4
 70
    1
 43
0
 10
169.6
 20
79.59999999999999
 10
170.4
 20
79.59999999999999
 10
170.4
 20
80.40000000000001
 10
169.6
 20
80.40000000000001
  0
LWPOLYLINE
  5
132
100
AcDbEntity
  8
OBS_COLUMN
  6
ByLayer
 62
  256
370
   -1
100
AcDbPolyline
 90
    4
 70
    1
 43
0
 10
169.6
 20
94.59999999999999
 10
170.4
 20
94.59999999999999
 10
170.4
 20
95.40000000000001
 10
169.6
 20
95.40000000000001
  0
LWPOLYLINE
  5
133
100
AcDbEntity
  8
OBS_COLUMN
  6
ByLayer
 62
  256
370
   -1
100
AcDbPolyline
 90
    4
 70
    1
 43
0
 10
169.6
 20
109.6
 10
170.4
 20
109.6
 10
170.4
 20
110.4
 10
169.6
 20
110.4
  0
LWPOLYLINE
  5
134
100
AcDbEntity
  8
OBS_COLUMN
  6
ByLayer
 62
  256
370
   -1
100
AcDbPolyline
 90
    4
 70
    1
 43
0
 10
169.6
 20
124.6
 10
170.4
 20
124.6
 10
170.4
 20
125.4
 10
169.6
 20
125.4
  0
LWPOLYLINE
  5
135
100
AcDbEntity
  8
OBS_COLUMN
  6
ByLayer
 62
  256
370
   -1
100
AcDbPolyline
 90
    4
 70
    1
 43
0
 10
169.6
 20
139.6
 10
170.4
 20
139.6
 10
170.4
 20
140.4
 10
169.6
 20
140.4
  0
LWPOLYLINE
  5
136
100
AcDbEntity
  8
OBS_COLUMN
  6
ByLayer
 62
  256
370
   -1
100
AcDbPolyline
 90
    4
 70
    1
 43
0
 10
169.6
 20
154.6
 10
170.4
 20
154.6
 10
170.4
 20
155.4
 10
169.6
 20
155.4
  0
LWPOLYLINE
  5
137
100
AcDbEntity
  8
OBS_COLUMN
  6
ByLayer
 62
  256
370
   -1
100
AcDbPolyline
 90
    4
 70
    1
 43
0
 10
169.6
 20
169.6
 10
170.4
 20
169.6
 10
170.4
 20
170.4
 10
169.6
 20
170.4
  0
LWPOLYLINE
  5
138
100
AcDbEntity
  8
OBS_COLUMN
  6
ByLayer
 62
  256
370
   -1
100
AcDbPolyline
 90
    4
 70
    1
 43
0
 10
169.6
 20
184.6
 10
170.4
 20
184.6
 10
170.4
 20
185.4
 10
169.6
 20
185.4
  0
LWPOLYLINE
  5
139
100
AcDbEntity
  8
OBS_COLUMN
  6
ByLayer
 62
  256
370
   -1
100
AcDbPolyline
 90
    4
 70
    1
 43
0
 10
169.6
 20
199.6
 10
170.4
 20
199.6
 10
170.4
 20
200.4
 10
169.6
 20
200.4
  0
LWPOLYLINE
  5
13A
100
AcDbEntity
  8
OBS_COLUMN
  6
ByLayer
 62
  256
370
   -1
100
AcDbPolyline
 90
    4
 70
    1
 43
0
 10
169.6
 20
214.6
 10
170.4
 20
214.6
 10
170.4
 20
215.4
 10
169.6
 20
215.4
  0
LWPOLYLINE
  5
13B
100
AcDbEntity
  8
OBS_COLUMN
  6
ByLayer
 62
  256
370
   -1
100
AcDbPolyline
 90
    4
 70
    1
 43
0
 10
169.6
 20
229.6
 10
170.4
 20
229.6
 10
170.4
 20
230.4
 10
169.6
 20
230.4
  0
LWPOLYLINE
  5
13C
100
AcDbEntity
  8
OBS_COLUMN
  6
ByLayer
 62
  256
370
   -1
100
AcDbPolyline
 90
    4
 70
    1
 43
0
 10
169.6
 20
244.6
 10
170.4
 20
244.6
 10
170.4
 20
245.4
 10
169.6
 20
245.4
  0
LWPOLYLINE
  5
13D
100
AcDbEntity
  8
OBS_COLUMN
  6
ByLayer
 62
  256
370
   -1
100
AcDbPolyline
 90
    4
 70
    1
 43
0
 10
184.6
 20
4.6
 10
185.4
 20
4.6
 10
185.4
 20
5.4
 10
184.6
 20
5.4
  0
LWPOLYLINE
  5
13E
100
AcDbEntity
  8
OBS_COLUMN
  6
ByLayer
 62
  256
370
   -1
100
AcDbPolyline
 90
    4
 70
    1
 43
0
 10
184.6
 20
19.6
 10
185.4
 20
19.6
 10
185.4
 20
20.4
 10
184.6
 20
20.4
  0
LWPOLYLINE
  5
13F
100
AcDbEntity
  8
OBS_COLUMN
  6
ByLayer
 62
  256
370
   -1
100
AcDbPolyline
 90
    4
 70
    1
 43
0
 10
184.6
 20
34.6
 10
185.4
 20
34.6
 10
185.4
 20
35.4
 10
184.6
 20
35.4
  0
LWPOLYLINE
  5
140
100
AcDbEntity
  8
OBS_COLUMN
  6
ByLayer
 62
  256
370
   -1
100
AcDbPolyline
 90
    4
 70
    1
 43
0
 10
184.6
 20
49.6
 10
185.4
 20
49.6
 10
185.4
 20
50.4
 10
184.6
 20
50.4
  0
LWPOLYLINE
  5
141
100
AcDbEntity
  8
OBS_COLUMN
  6
ByLayer
 62
  256
370
   -1
100
AcDbPolyline
 90
    4
 70
    1
 43
0
 10
184.6
 20
64.59999999999999
 10
185.4
 20
64.59999999999999
 10
185.4
 20
65.40000000000001
 10
184.6
 20
65.40000000000001
  0
LWPOLYLINE
  5
142
100
AcDbEntity
  8
OBS_COLUMN
  6
ByLayer
 62
  256
370
   -1
100
AcDbPolyline
 90
    4
 70
    1
 43
0
 10
184.6
 20
79.59999999999999
 10
185.4
 20
79.59999999999999
 10
185.4
 20
80.40000000000001
 10
184.6
 20
80.40000000000001
  0
LWPOLYLINE
  5
143
100
AcDbEntity
  8
OBS_COLUMN
  6
ByLayer
 62
  256
370
   -1
100
AcDbPolyline
 90
    4
 70
    1
 43
0
 10
184.6
 20
94.59999999999999
 10
185.4
 20
94.59999999999999
 10
185.4
 20
95.40000000000001
 10
184.6
 20
95.40000000000001
  0
LWPOLYLINE
  5
144
100
AcDbEntity
  8
OBS_COLUMN
  6
ByLayer
 62
  256
370
   -1
100
AcDbPolyline
 90
    4
 70
    1
 43
0
 10
184.6
 20
109.6
 10
185.4
 20
109.6
 10
185.4
 20
110.4
 10
184.6
 20
110.4
  0
LWPOLYLINE
  5
145
100
AcDbEntity
  8
OBS_COLUMN
  6
ByLayer
 62
  256
370
   -1
100
AcDbPolyline
 90
    4
 70
    1
 43
0
 10
184.6
 20
124.6
 10
185.4
 20
124.6
 10
185.4
 20
125.4
 10
184.6
 20
125.4
  0
LWPOLYLINE
  5
146
100
AcDbEntity
  8
OBS_COLUMN
  6
ByLayer
 62
  256
370
   -1
100
AcDbPolyline
 90
    4
 70
    1
 43
0
 10
184.6
 20
139.6
 10
185.4
 20
139.6
 10
185.4
 20
140.4
 10
184.6
 20
140.4
  0
LWPOLYLINE
  5
147
100
AcDbEntity
  8
OBS_COLUMN
  6
ByLayer
 62
  256
370
   -1
100
AcDbPolyline
 90
    4
 70
    1
 43
0
 10
184.6
 20
154.6
 10
185.4
 20
154.6
 10
185.4
 20
155.4
 10
184.6
 20
155.4
  0
LWPOLYLINE
  5
148
100
AcDbEntity
  8
OBS_COLUMN
  6
ByLayer
 62
  256
370
   -1
100
AcDbPolyline
 90
    4
 70
    1
 43
0
 10
184.6
 20
169.6
 10
185.4
 20
169.6
 10
185.4
 20
170.4
 10
184.6
 20
170.4
  0
LWPOLYLINE
  5
149
100
AcDbEntity
  8
OBS_COLUMN
  6
ByLayer
 62
  256
370
   -1
100
AcDbPolyline
 90
    4
 70
    1
 43
0
 10
184.6
 20
184.6
 10
185.4
 20
184.6
 10
185.4
 20
185.4
 10
184.6
 20
185.4
  0
LWPOLYLINE
  5
14A
100
AcDbEntity
  8
OBS_COLUMN
  6
ByLayer
 62
  256
370
   -1
100
AcDbPolyline
 90
    4
 70
    1
 43
0
 10
184.6
 20
199.6
 10
185.4
 20
199.6
 10
185.4
 20
200.4
 10
184.6
 20
200.4
  0
LWPOLYLINE
  5
14B
100
AcDbEntity
  8
OBS_COLUMN
  6
ByLayer
 62
  256
370
   -1
100
AcDbPolyline
 90
    4
 70
    1
 43
0
 10
184.6
 20
214.6
 10
185.4
 20
214.6
 10
185.4
 20
215.4
 10
184.6
 20
215.4
  0
LWPOLYLINE
  5
14C
100
AcDbEntity
  8
OBS_COLUMN
  6
ByLayer
 62
  256
370
   -1
100
AcDbPolyline
 90
    4
 70
    1
 43
0
 10
184.6
 20
229.6
 10
185.4
 20
229.6
 10
185.4
 20
230.4
 10
184.6
 20
230.4
  0
LWPOLYLINE
  5
14D
100
AcDbEntity
  8
OBS_COLUMN
  6
ByLayer
 62
  256
370
   -1
100
AcDbPolyline
 90
    4
 70
    1
 43
0
 10
184.6
 20
244.6
 10
185.4
 20
244.6
 10
185.4
 20
245.4
 10
184.6
 20
245.4
  0
LWPOLYLINE
  5
14E
100
AcDbEntity
  8
OBS_COLUMN
  6
ByLayer
 62
  256
370
   -1
100
AcDbPolyline
 90
    4
 70
    1
 43
0
 10
199.6
 20
4.6
 10
200.4
 20
4.6
 10
200.4
 20
5.4
 10
199.6
 20
5.4
  0
LWPOLYLINE
  5
14F
100
AcDbEntity
  8
OBS_COLUMN
  6
ByLayer
 62
  256
370
   -1
100
AcDbPolyline
 90
    4
 70
    1
 43
0
 10
199.6
 20
19.6
 10
200.4
 20
19.6
 10
200.4
 20
20.4
 10
199.6
 20
20.4
  0
LWPOLYLINE
  5
150
100
AcDbEntity
  8
OBS_COLUMN
  6
ByLayer
 62
  256
370
   -1
100
AcDbPolyline
 90
    4
 70
    1
 43
0
 10
199.6
 20
34.6
 10
200.4
 20
34.6
 10
200.4
 20
35.4
 10
199.6
 20
35.4
  0
LWPOLYLINE
  5
151
100
AcDbEntity
  8
OBS_COLUMN
  6
ByLayer
 62
  256
370
   -1
100
AcDbPolyline
 90
    4
 70
    1
 43
0
 10
199.6
 20
49.6
 10
200.4
 20
49.6
 10
200.4
 20
50.4
 10
199.6
 20
50.4
  0
LWPOLYLINE
  5
152
100
AcDbEntity
  8
OBS_COLUMN
  6
ByLayer
 62
  256
370
   -1
100
AcDbPolyline
 90
    4
 70
    1
 43
0
 10
199.6
 20
64.59999999999999
 10
200.4
 20
64.59999999999999
 10
200.4
 20
65.40000000000001
 10
199.6
 20
65.40000000000001
  0
LWPOLYLINE
  5
153
100
AcDbEntity
  8
OBS_COLUMN
  6
ByLayer
 62
  256
370
   -1
100
AcDbPolyline
 90
    4
 70
    1
 43
0
 10
199.6
 20
79.59999999999999
 10
200.4
 20
79.59999999999999
 10
200.4
 20
80.40000000000001
 10
199.6
 20
80.40000000000001
  0
LWPOLYLINE
  5
154
100
AcDbEntity
  8
OBS_COLUMN
  6
ByLayer
 62
  256
370
   -1
100
AcDbPolyline
 90
    4
 70
    1
 43
0
 10
199.6
 20
94.59999999999999
 10
200.4
 20
94.59999999999999
 10
200.4
 20
95.40000000000001
 10
199.6
 20
95.40000000000001
  0
LWPOLYLINE
  5
155
100
AcDbEntity
  8
OBS_COLUMN
  6
ByLayer
 62
  256
370
   -1
100
AcDbPolyline
 90
    4
 70
    1
 43
0
 10
199.6
 20
109.6
 10
200.4
 20
109.6
 10
200.4
 20
110.4
 10
199.6
 20
110.4
  0
LWPOLYLINE
  5
156
100
AcDbEntity
  8
OBS_COLUMN
  6
ByLayer
 62
  256
370
   -1
100
AcDbPolyline
 90
    4
 70
    1
 43
0
 10
199.6
 20
124.6
 10
200.4
 20
124.6
 10
200.4
 20
125.4
 10
199.6
 20
125.4
  0
LWPOLYLINE
  5
157
100
AcDbEntity
  8
OBS_COLUMN
  6
ByLayer
 62
  256
370
   -1
100
AcDbPolyline
 90
    4
 70
    1
 43
0
 10
199.6
 20
139.6
 10
200.4
 20
139.6
 10
200.4
 20
140.4
 10
199.6
 20
140.4
  0
LWPOLYLINE
  5
158
100
AcDbEntity
  8
OBS_COLUMN
  6
ByLayer
 62
  256
370
   -1
100
AcDbPolyline
 90
    4
 70
    1
 43
0
 10
199.6
 20
154.6
 10
200.4
 20
154.6
 10
200.4
 20
155.4
 10
199.6
 20
155.4
  0
LWPOLYLINE
  5
159
100
AcDbEntity
  8
OBS_COLUMN
  6
ByLayer
 62
  256
370
   -1
100
AcDbPolyline
 90
    4
 70
    1
 43
0
 10
199.6
 20
169.6
 10
200.4
 20
169.6
 10
200.4
 20
170.4
 10
199.6
 20
170.4
  0
LWPOLYLINE
  5
15A
100
AcDbEntity
  8
OBS_COLUMN
  6
ByLayer
 62
  256
370
   -1
100
AcDbPolyline
 90
    4
 70
    1
 43
0
 10
199.6
 20
184.6
 10
200.4
 20
184.6
 10
200.4
 20
185.4
 10
199.6
 20
185.4
  0
LWPOLYLINE
  5
15B
100
AcDbEntity
  8
OBS_COLUMN
  6
ByLayer
 62
  256
370
   -1
100
AcDbPolyline
 90
    4
 70
    1
 43
0
 10
199.6
 20
199.6
 10
200.4
 20
199.6
 10
200.4
 20
200.4
 10
199.6
 20
200.4
  0
LWPOLYLINE
  5
15C
100
AcDbEntity
  8
OBS_COLUMN
  6
ByLayer
 62
  256
370
   -1
100
AcDbPolyline
 90
    4
 70
    1
 43
0
 10
199.6
 20
214.6
 10
200.4
 20
214.6
 10
200.4
 20
215.4
 10
199.6
 20
215.4
  0
LWPOLYLINE
  5
15D
100
AcDbEntity
  8
OBS_COLUMN
  6
ByLayer
 62
  256
370
   -1
100
AcDbPolyline
 90
    4
 70
    1
 43
0
 10
199.6
 20
229.6
 10
200.4
 20
229.6
 10
200.4
 20
230.4
 10
199.6
 20
230.4
  0
LWPOLYLINE
  5
15E
100
AcDbEntity
  8
OBS_COLUMN
  6
ByLayer
 62
  256
370
   -1
100
AcDbPolyline
 90
    4
 70
    1
 43
0
 10
199.6
 20
244.6
 10
200.4
 20
244.6
 10
200.4
 20
245.4
 10
199.6
 20
245.4
  0
LWPOLYLINE
  5
15F
100
AcDbEntity
  8
OBS_COLUMN
  6
ByLayer
 62
  256
370
   -1
100
AcDbPolyline
 90
    4
 70
    1
 43
0
 10
214.6
 20
4.6
 10
215.4
 20
4.6
 10
215.4
 20
5.4
 10
214.6
 20
5.4
  0
LWPOLYLINE
  5
160
100
AcDbEntity
  8
OBS_COLUMN
  6
ByLayer
 62
  256
370
   -1
100
AcDbPolyline
 90
    4
 70
    1
 43
0
 10
214.6
 20
19.6
 10
215.4
 20
19.6
 10
215.4
 20
20.4
 10
214.6
 20
20.4
  0
LWPOLYLINE
  5
161
100
AcDbEntity
  8
OBS_COLUMN
  6
ByLayer
 62
  256
370
   -1
100
AcDbPolyline
 90
    4
 70
    1
 43
0
 10
214.6
 20
34.6
 10
215.4
 20
34.6
 10
215.4
 20
35.4
 10
214.6
 20
35.4
  0
LWPOLYLINE
  5
162
100
AcDbEntity
  8
OBS_COLUMN
  6
ByLayer
 62
  256
370
   -1
100
AcDbPolyline
 90
    4
 70
    1
 43
0
 10
214.6
 20
49.6
 10
215.4
 20
49.6
 10
215.4
 20
50.4
 10
214.6
 20
50.4
  0
LWPOLYLINE
  5
163
100
AcDbEntity
  8
OBS_COLUMN
  6
ByLayer
 62
  256
370
   -1
100
AcDbPolyline
 90
    4
 70
    1
 43
0
 10
214.6
 20
64.59999999999999
 10
215.4
 20
64.59999999999999
 10
215.4
 20
65.40000000000001
 10
214.6
 20
65.40000000000001
  0
LWPOLYLINE
  5
164
100
AcDbEntity
  8
OBS_COLUMN
  6
ByLayer
 62
  256
370
   -1
100
AcDbPolyline
 90
    4
 70
    1
 43
0
 10
214.6
 20
79.59999999999999
 10
215.4
 20
79.59999999999999
 10
215.4
 20
80.40000000000001
 10
214.6
 20
80.40000000000001
  0
LWPOLYLINE
  5
165
100
AcDbEntity
  8
OBS_COLUMN
  6
ByLayer
 62
  256
370
   -1
100
AcDbPolyline
 90
    4
 70
    1
 43
0
 10
214.6
 20
94.59999999999999
 10
215.4
 20
94.59999999999999
 10
215.4
 20
95.40000000000001
 10
214.6
 20
95.40000000000001
  0
LWPOLYLINE
  5
166
100
AcDbEntity
  8
OBS_COLUMN
  6
ByLayer
 62
  256
370
   -1
100
AcDbPolyline
 90
    4
 70
    1
 43
0
 10
214.6
 20
109.6
 10
215.4
 20
109.6
 10
215.4
 20
110.4
 10
214.6
 20
110.4
  0
LWPOLYLINE
  5
167
100
AcDbEntity
  8
OBS_COLUMN
  6
ByLayer
 62
  256
370
   -1
100
AcDbPolyline
 90
    4
 70
    1
 43
0
 10
214.6
 20
124.6
 10
215.4
 20
124.6
 10
215.4
 20
125.4
 10
214.6
 20
125.4
  0
LWPOLYLINE
  5
168
100
AcDbEntity
  8
OBS_COLUMN
  6
ByLayer
 62
  256
370
   -1
100
AcDbPolyline
 90
    4
 70
    1
 43
0
 10
214.6
 20
139.6
 10
215.4
 20
139.6
 10
215.4
 20
140.4
 10
214.6
 20
140.4
  0
LWPOLYLINE
  5
169
100
AcDbEntity
  8
OBS_COLUMN
  6
ByLayer
 62
  256
370
   -1
100
AcDbPolyline
 90
    4
 70
    1
 43
0
 10
214.6
 20
154.6
 10
215.4
 20
154.6
 10
215.4
 20
155.4
 10
214.6
 20
155.4
  0
LWPOLYLINE
  5
16A
100
AcDbEntity
  8
OBS_COLUMN
  6
ByLayer
 62
  256
370
   -1
100
AcDbPolyline
 90
    4
 70
    1
 43
0
 10
214.6
 20
169.6
 10
215.4
 20
169.6
 10
215.4
 20
170.4
 10
214.6
 20
170.4
  0
LWPOLYLINE
  5
16B
100
AcDbEntity
  8
OBS_COLUMN
  6
ByLayer
 62
  256
370
   -1
100
AcDbPolyline
 90
    4
 70
    1
 43
0
 10
214.6
 20
184.6
 10
215.4
 20
184.6
 10
215.4
 20
185.4
 10
214.6
 20
185.4
  0
LWPOLYLINE
  5
16C
100
AcDbEntity
  8
OBS_COLUMN
  6
ByLayer
 62
  256
370
   -1
100
AcDbPolyline
 90
    4
 70
    1
 43
0
 10
214.6
 20
199.6
 10
215.4
 20
199.6
 10
215.4
 20
200.4
 10
214.6
 20
200.4
  0
LWPOLYLINE
  5
16D
100
AcDbEntity
  8
OBS_COLUMN
  6
ByLayer
 62
  256
370
   -1
100
AcDbPolyline
 90
    4
 70
    1
 43
0
 10
214.6
 20
214.6
 10
215.4
 20
214.6
 10
215.4
 20
215.4
 10
214.6
 20
215.4
  0
LWPOLYLINE
  5
16E
100
AcDbEntity
  8
OBS_COLUMN
  6
ByLayer
 62
  256
370
   -1
100
AcDbPolyline
 90
    4
 70
    1
 43
0
 10
214.6
 20
229.6
 10
215.4
 20
229.6
 10
215.4
 20
230.4
 10
214.6
 20
230.4
  0
LWPOLYLINE
  5
16F
100
AcDbEntity
  8
OBS_COLUMN
  6
ByLayer
 62
  256
370
   -1
100
AcDbPolyline
 90
    4
 70
    1
 43
0
 10
214.6
 20
244.6
 10
215.4
 20
244.6
 10
215.4
 20
245.4
 10
214.6
 20
245.4
  0
LWPOLYLINE
  5
170
100
AcDbEntity
  8
OBS_COLUMN
  6
ByLayer
 62
  256
370
   -1
100
AcDbPolyline
 90
    4
 70
    1
 43
0
 10
229.6
 20
4.6
 10
230.4
 20
4.6
 10
230.4
 20
5.4
 10
229.6
 20
5.4
  0
LWPOLYLINE
  5
171
100
AcDbEntity
  8
OBS_COLUMN
  6
ByLayer
 62
  256
370
   -1
100
AcDbPolyline
 90
    4
 70
    1
 43
0
 10
229.6
 20
19.6
 10
230.4
 20
19.6
 10
230.4
 20
20.4
 10
229.6
 20
20.4
  0
LWPOLYLINE
  5
172
100
AcDbEntity
  8
OBS_COLUMN
  6
ByLayer
 62
  256
370
   -1
100
AcDbPolyline
 90
    4
 70
    1
 43
0
 10
229.6
 20
34.6
 10
230.4
 20
34.6
 10
230.4
 20
35.4
 10
229.6
 20
35.4
  0
LWPOLYLINE
  5
173
100
AcDbEntity
  8
OBS_COLUMN
  6
ByLayer
 62
  256
370
   -1
100
AcDbPolyline
 90
    4
 70
    1
 43
0
 10
229.6
 20
49.6
 10
230.4
 20
49.6
 10
230.4
 20
50.4
 10
229.6
 20
50.4
  0
LWPOLYLINE
  5
174
100
AcDbEntity
  8
OBS_COLUMN
  6
ByLayer
 62
  256
370
   -1
100
AcDbPolyline
 90
    4
 70
    1
 43
0
 10
229.6
 20
64.59999999999999
 10
230.4
 20
64.59999999999999
 10
230.4
 20
65.40000000000001
 10
229.6
 20
65.40000000000001
  0
LWPOLYLINE
  5
175
100
AcDbEntity
  8
OBS_COLUMN
  6
ByLayer
 62
  256
370
   -1
100
AcDbPolyline
 90
    4
 70
    1
 43
0
 10
229.6
 20
79.59999999999999
 10
230.4
 20
79.59999999999999
 10
230.4
 20
80.40000000000001
 10
229.6
 20
80.40000000000001
  0
LWPOLYLINE
  5
176
100
AcDbEntity
  8
OBS_COLUMN
  6
ByLayer
 62
  256
370
   -1
100
AcDbPolyline
 90
    4
 70
    1
 43
0
 10
229.6
 20
94.59999999999999
 10
230.4
 20
94.59999999999999
 10
230.4
 20
95.40000000000001
 10
229.6
 20
95.40000000000001
  0
LWPOLYLINE
  5
177
100
AcDbEntity
  8
OBS_COLUMN
  6
ByLayer
 62
  256
370
   -1
100
AcDbPolyline
 90
    4
 70
    1
 43
0
 10
229.6
 20
109.6
 10
230.4
 20
109.6
 10
230.4
 20
110.4
 10
229.6
 20
110.4
  0
LWPOLYLINE
  5
178
100
AcDbEntity
  8
OBS_COLUMN
  6
ByLayer
 62
  256
370
   -1
100
AcDbPolyline
 90
    4
 70
    1
 43
0
 10
229.6
 20
124.6
 10
230.4
 20
124.6
 10
230.4
 20
125.4
 10
229.6
 20
125.4
  0
LWPOLYLINE
  5
179
100
AcDbEntity
  8
OBS_COLUMN
  6
ByLayer
 62
  256
370
   -1
100
AcDbPolyline
 90
    4
 70
    1
 43
0
 10
229.6
 20
139.6
 10
230.4
 20
139.6
 10
230.4
 20
140.4
 10
229.6
 20
140.4
  0
LWPOLYLINE
  5
17A
100
AcDbEntity
  8
OBS_COLUMN
  6
ByLayer
 62
  256
370
   -1
100
AcDbPolyline
 90
    4
 70
    1
 43
0
 10
229.6
 20
154.6
 10
230.4
 20
154.6
 10
230.4
 20
155.4
 10
229.6
 20
155.4
  0
LWPOLYLINE
  5
17B
100
AcDbEntity
  8
OBS_COLUMN
  6
ByLayer
 62
  256
370
   -1
100
AcDbPolyline
 90
    4
 70
    1
 43
0
 10
229.6
 20
169.6
 10
230.4
 20
169.6
 10
230.4
 20
170.4
 10
229.6
 20
170.4
  0
LWPOLYLINE
  5
17C
100
AcDbEntity
  8
OBS_COLUMN
  6
ByLayer
 62
  256
370
   -1
100
AcDbPolyline
 90
    4
 70
    1
 43
0
 10
229.6
 20
184.6
 10
230.4
 20
184.6
 10
230.4
 20
185.4
 10
229.6
 20
185.4
  0
LWPOLYLINE
  5
17D
100
AcDbEntity
  8
OBS_COLUMN
  6
ByLayer
 62
  256
370
   -1
100
AcDbPolyline
 90
    4
 70
    1
 43
0
 10
229.6
 20
199.6
 10
230.4
 20
199.6
 10
230.4
 20
200.4
 10
229.6
 20
200.4
  0
LWPOLYLINE
  5
17E
100
AcDbEntity
  8
OBS_COLUMN
  6
ByLayer
 62
  256
370
   -1
100
AcDbPolyline
 90
    4
 70
    1
 43
0
 10
229.6
 20
214.6
 10
230.4
 20
214.6
 10
230.4
 20
215.4
 10
229.6
 20
215.4
  0
LWPOLYLINE
  5
17F
100
AcDbEntity
  8
OBS_COLUMN
  6
ByLayer
 62
  256
370
   -1
100
AcDbPolyline
 90
    4
 70
    1
 43
0
 10
229.6
 20
229.6
 10
230.4
 20
229.6
 10
230.4
 20
230.4
 10
229.6
 20
230.4
  0
LWPOLYLINE
  5
180
100
AcDbEntity
  8
OBS_COLUMN
  6
ByLayer
 62
  256
370
   -1
100
AcDbPolyline
 90
    4
 70
    1
 43
0
 10
229.6
 20
244.6
 10
230.4
 20
244.6
 10
230.4
 20
245.4
 10
229.6
 20
245.4
  0
LWPOLYLINE
  5
181
100
AcDbEntity
  8
OBS_COLUMN
  6
ByLayer
 62
  256
370
   -1
100
AcDbPolyline
 90
    4
 70
    1
 43
0
 10
229.6
 20
259.6
 10
230.4
 20
259.6
 10
230.4
 20
260.4
 10
229.6
 20
260.4
  0
LWPOLYLINE
  5
182
100
AcDbEntity
  8
OBS_COLUMN
  6
ByLayer
 62
  256
370
   -1
100
AcDbPolyline
 90
    4
 70
    1
 43
0
 10
229.6
 20
274.6
 10
230.4
 20
274.6
 10
230.4
 20
275.4
 10
229.6
 20
275.4
  0
LWPOLYLINE
  5
183
100
AcDbEntity
  8
OBS_COLUMN
  6
ByLayer
 62
  256
370
   -1
100
AcDbPolyline
 90
    4
 70
    1
 43
0
 10
229.6
 20
289.6
 10
230.4
 20
289.6
 10
230.4
 20
290.4
 10
229.6
 20
290.4
  0
LWPOLYLINE
  5
184
100
AcDbEntity
  8
OBS_COLUMN
  6
ByLayer
 62
  256
370
   -1
100
AcDbPolyline
 90
    4
 70
    1
 43
0
 10
229.6
 20
304.6
 10
230.4
 20
304.6
 10
230.4
 20
305.4
 10
229.6
 20
305.4
  0
LWPOLYLINE
  5
185
100
AcDbEntity
  8
OBS_COLUMN
  6
ByLayer
 62
  256
370
   -1
100
AcDbPolyline
 90
    4
 70
    1
 43
0
 10
229.6
 20
319.6
 10
230.4
 20
319.6
 10
230.4
 20
320.4
 10
229.6
 20
320.4
  0
LWPOLYLINE
  5
186
100
AcDbEntity
  8
OBS_COLUMN
  6
ByLayer
 62
  256
370
   -1
100
AcDbPolyline
 90
    4
 70
    1
 43
0
 10
229.6
 20
334.6
 10
230.4
 20
334.6
 10
230.4
 20
335.4
 10
229.6
 20
335.4
  0
LWPOLYLINE
  5
187
100
AcDbEntity
  8
OBS_COLUMN
  6
ByLayer
 62
  256
370
   -1
100
AcDbPolyline
 90
    4
 70
    1
 43
0
 10
229.6
 20
349.6
 10
230.4
 20
349.6
 10
230.4
 20
350.4
 10
229.6
 20
350.4
  0
LWPOLYLINE
  5
188
100
AcDbEntity
  8
OBS_COLUMN
  6
ByLayer
 62
  256
370
   -1
100
AcDbPolyline
 90
    4
 70
    1
 43
0
 10
229.6
 20
364.6
 10
230.4
 20
364.6
 10
230.4
 20
365.4
 10
229.6
 20
365.4
  0
LWPOLYLINE
  5
189
100
AcDbEntity
  8
OBS_COLUMN
  6
ByLayer
 62
  256
370
   -1
100
AcDbPolyline
 90
    4
 70
    1
 43
0
 10
229.6
 20
379.6
 10
230.4
 20
379.6
 10
230.4
 20
380.4
 10
229.6
 20
380.4
  0
LWPOLYLINE
  5
18A
100
AcDbEntity
  8
OBS_COLUMN
  6
ByLayer
 62
  256
370
   -1
100
AcDbPolyline
 90
    4
 70
    1
 43
0
 10
229.6
 20
394.6
 10
230.4
 20
394.6
 10
230.4
 20
395.4
 10
229.6
 20
395.4
  0
LWPOLYLINE
  5
18B
100
AcDbEntity
  8
OBS_COLUMN
  6
ByLayer
 62
  256
370
   -1
100
AcDbPolyline
 90
    4
 70
    1
 43
0
 10
244.6
 20
4.6
 10
245.4
 20
4.6
 10
245.4
 20
5.4
 10
244.6
 20
5.4
  0
LWPOLYLINE
  5
18C
100
AcDbEntity
  8
OBS_COLUMN
  6
ByLayer
 62
  256
370
   -1
100
AcDbPolyline
 90
    4
 70
    1
 43
0
 10
244.6
 20
19.6
 10
245.4
 20
19.6
 10
245.4
 20
20.4
 10
244.6
 20
20.4
  0
LWPOLYLINE
  5
18D
100
AcDbEntity
  8
OBS_COLUMN
  6
ByLayer
 62
  256
370
   -1
100
AcDbPolyline
 90
    4
 70
    1
 43
0
 10
244.6
 20
34.6
 10
245.4
 20
34.6
 10
245.4
 20
35.4
 10
244.6
 20
35.4
  0
LWPOLYLINE
  5
18E
100
AcDbEntity
  8
OBS_COLUMN
  6
ByLayer
 62
  256
370
   -1
100
AcDbPolyline
 90
    4
 70
    1
 43
0
 10
244.6
 20
49.6
 10
245.4
 20
49.6
 10
245.4
 20
50.4
 10
244.6
 20
50.4
  0
LWPOLYLINE
  5
18F
100
AcDbEntity
  8
OBS_COLUMN
  6
ByLayer
 62
  256
370
   -1
100
AcDbPolyline
 90
    4
 70
    1
 43
0
 10
244.6
 20
64.59999999999999
 10
245.4
 20
64.59999999999999
 10
245.4
 20
65.40000000000001
 10
244.6
 20
65.40000000000001
  0
LWPOLYLINE
  5
190
100
AcDbEntity
  8
OBS_COLUMN
  6
ByLayer
 62
  256
370
   -1
100
AcDbPolyline
 90
    4
 70
    1
 43
0
 10
244.6
 20
79.59999999999999
 10
245.4
 20
79.59999999999999
 10
245.4
 20
80.40000000000001
 10
244.6
 20
80.40000000000001
  0
LWPOLYLINE
  5
191
100
AcDbEntity
  8
OBS_COLUMN
  6
ByLayer
 62
  256
370
   -1
100
AcDbPolyline
 90
    4
 70
    1
 43
0
 10
244.6
 20
94.59999999999999
 10
245.4
 20
94.59999999999999
 10
245.4
 20
95.40000000000001
 10
244.6
 20
95.40000000000001
  0
LWPOLYLINE
  5
192
100
AcDbEntity
  8
OBS_COLUMN
  6
ByLayer
 62
  256
370
   -1
100
AcDbPolyline
 90
    4
 70
    1
 43
0
 10
244.6
 20
109.6
 10
245.4
 20
109.6
 10
245.4
 20
110.4
 10
244.6
 20
110.4
  0
LWPOLYLINE
  5
193
100
AcDbEntity
  8
OBS_COLUMN
  6
ByLayer
 62
  256
370
   -1
100
AcDbPolyline
 90
    4
 70
    1
 43
0
 10
244.6
 20
124.6
 10
245.4
 20
124.6
 10
245.4
 20
125.4
 10
244.6
 20
125.4
  0
LWPOLYLINE
  5
194
100
AcDbEntity
  8
OBS_COLUMN
  6
ByLayer
 62
  256
370
   -1
100
AcDbPolyline
 90
    4
 70
    1
 43
0
 10
244.6
 20
139.6
 10
245.4
 20
139.6
 10
245.4
 20
140.4
 10
244.6
 20
140.4
  0
LWPOLYLINE
  5
195
100
AcDbEntity
  8
OBS_COLUMN
  6
ByLayer
 62
  256
370
   -1
100
AcDbPolyline
 90
    4
 70
    1
 43
0
 10
244.6
 20
154.6
 10
245.4
 20
154.6
 10
245.4
 20
155.4
 10
244.6
 20
155.4
  0
LWPOLYLINE
  5
196
100
AcDbEntity
  8
OBS_COLUMN
  6
ByLayer
 62
  256
370
   -1
100
AcDbPolyline
 90
    4
 70
    1
 43
0
 10
244.6
 20
169.6
 10
245.4
 20
169.6
 10
245.4
 20
170.4
 10
244.6
 20
170.4
  0
LWPOLYLINE
  5
197
100
AcDbEntity
  8
OBS_COLUMN
  6
ByLayer
 62
  256
370
   -1
100
AcDbPolyline
 90
    4
 70
    1
 43
0
 10
244.6
 20
184.6
 10
245.4
 20
184.6
 10
245.4
 20
185.4
 10
244.6
 20
185.4
  0
LWPOLYLINE
  5
198
100
AcDbEntity
  8
OBS_COLUMN
  6
ByLayer
 62
  256
370
   -1
100
AcDbPolyline
 90
    4
 70
    1
 43
0
 10
244.6
 20
199.6
 10
245.4
 20
199.6
 10
245.4
 20
200.4
 10
244.6
 20
200.4
  0
LWPOLYLINE
  5
199
100
AcDbEntity
  8
OBS_COLUMN
  6
ByLayer
 62
  256
370
   -1
100
AcDbPolyline
 90
    4
 70
    1
 43
0
 10
244.6
 20
214.6
 10
245.4
 20
214.6
 10
245.4
 20
215.4
 10
244.6
 20
215.4
  0
LWPOLYLINE
  5
19A
100
AcDbEntity
  8
OBS_COLUMN
  6
ByLayer
 62
  256
370
   -1
100
AcDbPolyline
 90
    4
 70
    1
 43
0
 10
244.6
 20
229.6
 10
245.4
 20
229.6
 10
245.4
 20
230.4
 10
244.6
 20
230.4
  0
LWPOLYLINE
  5
19B
100
AcDbEntity
  8
OBS_COLUMN
  6
ByLayer
 62
  256
370
   -1
100
AcDbPolyline
 90
    4
 70
    1
 43
0
 10
244.6
 20
244.6
 10
245.4
 20
244.6
 10
245.4
 20
245.4
 10
244.6
 20
245.4
  0
LWPOLYLINE
  5
19C
100
AcDbEntity
  8
OBS_COLUMN
  6
ByLayer
 62
  256
370
   -1
100
AcDbPolyline
 90
    4
 70
    1
 43
0
 10
244.6
 20
259.6
 10
245.4
 20
259.6
 10
245.4
 20
260.4
 10
244.6
 20
260.4
  0
LWPOLYLINE
  5
19D
100
AcDbEntity
  8
OBS_COLUMN
  6
ByLayer
 62
  256
370
   -1
100
AcDbPolyline
 90
    4
 70
    1
 43
0
 10
244.6
 20
274.6
 10
245.4
 20
274.6
 10
245.4
 20
275.4
 10
244.6
 20
275.4
  0
LWPOLYLINE
  5
19E
100
AcDbEntity
  8
OBS_COLUMN
  6
ByLayer
 62
  256
370
   -1
100
AcDbPolyline
 90
    4
 70
    1
 43
0
 10
244.6
 20
289.6
 10
245.4
 20
289.6
 10
245.4
 20
290.4
 10
244.6
 20
290.4
  0
LWPOLYLINE
  5
19F
100
AcDbEntity
  8
OBS_COLUMN
  6
ByLayer
 62
  256
370
   -1
100
AcDbPolyline
 90
    4
 70
    1
 43
0
 10
244.6
 20
304.6
 10
245.4
 20
304.6
 10
245.4
 20
305.4
 10
244.6
 20
305.4
  0
LWPOLYLINE
  5
1A0
100
AcDbEntity
  8
OBS_COLUMN
  6
ByLayer
 62
  256
370
   -1
100
AcDbPolyline
 90
    4
 70
    1
 43
0
 10
244.6
 20
319.6
 10
245.4
 20
319.6
 10
245.4
 20
320.4
 10
244.6
 20
320.4
  0
LWPOLYLINE
  5
1A1
100
AcDbEntity
  8
OBS_COLUMN
  6
ByLayer
 62
  256
370
   -1
100
AcDbPolyline
 90
    4
 70
    1
 43
0
 10
244.6
 20
334.6
 10
245.4
 20
334.6
 10
245.4
 20
335.4
 10
244.6
 20
335.4
  0
LWPOLYLINE
  5
1A2
100
AcDbEntity
  8
OBS_COLUMN
  6
ByLayer
 62
  256
370
   -1
100
AcDbPolyline
 90
    4
 70
    1
 43
0
 10
244.6
 20
349.6
 10
245.4
 20
349.6
 10
245.4
 20
350.4
 10
244.6
 20
350.4
  0
LWPOLYLINE
  5
1A3
100
AcDbEntity
  8
OBS_COLUMN
  6
ByLayer
 62
  256
370
   -1
100
AcDbPolyline
 90
    4
 70
    1
 43
0
 10
244.6
 20
364.6
 10
245.4
 20
364.6
 10
245.4
 20
365.4
 10
244.6
 20
365.4
  0
LWPOLYLINE
  5
1A4
100
AcDbEntity
  8
OBS_COLUMN
  6
ByLayer
 62
  256
370
   -1
100
AcDbPolyline
 90
    4
 70
    1
 43
0
 10
244.6
 20
379.6
 10
245.4
 20
379.6
 10
245.4
 20
380.4
 10
244.6
 20
380.4
  0
LWPOLYLINE
  5
1A5
100
AcDbEntity
  8
OBS_COLUMN
  6
ByLayer
 62
  256
370
   -1
100
AcDbPolyline
 90
    4
 70
    1
 43
0
 10
244.6
 20
394.6
 10
245.4
 20
394.6
 10
245.4
 20
395.4
 10
244.6
 20
395.4
  0
LWPOLYLINE
  5
1A6
100
AcDbEntity
  8
OBS_COLUMN
  6
ByLayer
 62
  256
370
   -1
100
AcDbPolyline
 90
    4
 70
    1
 43
0
 10
259.6
 20
4.6
 10
260.4
 20
4.6
 10
260.4
 20
5.4
 10
259.6
 20
5.4
  0
LWPOLYLINE
  5
1A7
100
AcDbEntity
  8
OBS_COLUMN
  6
ByLayer
 62
  256
370
   -1
100
AcDbPolyline
 90
    4
 70
    1
 43
0
 10
259.6
 20
19.6
 10
260.4
 20
19.6
 10
260.4
 20
20.4
 10
259.6
 20
20.4
  0
LWPOLYLINE
  5
1A8
100
AcDbEntity
  8
OBS_COLUMN
  6
ByLayer
 62
  256
370
   -1
100
AcDbPolyline
 90
    4
 70
    1
 43
0
 10
259.6
 20
34.6
 10
260.4
 20
34.6
 10
260.4
 20
35.4
 10
259.6
 20
35.4
  0
LWPOLYLINE
  5
1A9
100
AcDbEntity
  8
OBS_COLUMN
  6
ByLayer
 62
  256
370
   -1
100
AcDbPolyline
 90
    4
 70
    1
 43
0
 10
259.6
 20
49.6
 10
260.4
 20
49.6
 10
260.4
 20
50.4
 10
259.6
 20
50.4
  0
LWPOLYLINE
  5
1AA
100
AcDbEntity
  8
OBS_COLUMN
  6
ByLayer
 62
  256
370
   -1
100
AcDbPolyline
 90
    4
 70
    1
 43
0
 10
259.6
 20
64.59999999999999
 10
260.4
 20
64.59999999999999
 10
260.4
 20
65.40000000000001
 10
259.6
 20
65.40000000000001
  0
LWPOLYLINE
  5
1AB
100
AcDbEntity
  8
OBS_COLUMN
  6
ByLayer
 62
  256
370
   -1
100
AcDbPolyline
 90
    4
 70
    1
 43
0
 10
259.6
 20
79.59999999999999
 10
260.4
 20
79.59999999999999
 10
260.4
 20
80.40000000000001
 10
259.6
 20
80.40000000000001
  0
LWPOLYLINE
  5
1AC
100
AcDbEntity
  8
OBS_COLUMN
  6
ByLayer
 62
  256
370
   -1
100
AcDbPolyline
 90
    4
 70
    1
 43
0
 10
259.6
 20
94.59999999999999
 10
260.4
 20
94.59999999999999
 10
260.4
 20
95.40000000000001
 10
259.6
 20
95.40000000000001
  0
LWPOLYLINE
  5
1AD
100
AcDbEntity
  8
OBS_COLUMN
  6
ByLayer
 62
  256
370
   -1
100
AcDbPolyline
 90
    4
 70
    1
 43
0
 10
259.6
 20
109.6
 10
260.4
 20
109.6
 10
260.4
 20
110.4
 10
259.6
 20
110.4
  0
LWPOLYLINE
  5
1AE
100
AcDbEntity
  8
OBS_COLUMN
  6
ByLayer
 62
  256
370
   -1
100
AcDbPolyline
 90
    4
 70
    1
 43
0
 10
259.6
 20
124.6
 10
260.4
 20
124.6
 10
260.4
 20
125.4
 10
259.6
 20
125.4
  0
LWPOLYLINE
  5
1AF
100
AcDbEntity
  8
OBS_COLUMN
  6
ByLayer
 62
  256
370
   -1
100
AcDbPolyline
 90
    4
 70
    1
 43
0
 10
259.6
 20
139.6
 10
260.4
 20
139.6
 10
260.4
 20
140.4
 10
259.6
 20
140.4
  0
LWPOLYLINE
  5
1B0
100
AcDbEntity
  8
OBS_COLUMN
  6
ByLayer
 62
  256
370
   -1
100
AcDbPolyline
 90
    4
 70
    1
 43
0
 10
259.6
 20
154.6
 10
260.4
 20
154.6
 10
260.4
 20
155.4
 10
259.6
 20
155.4
  0
LWPOLYLINE
  5
1B1
100
AcDbEntity
  8
OBS_COLUMN
  6
ByLayer
 62
  256
370
   -1
100
AcDbPolyline
 90
    4
 70
    1
 43
0
 10
259.6
 20
169.6
 10
260.4
 20
169.6
 10
260.4
 20
170.4
 10
259.6
 20
170.4
  0
LWPOLYLINE
  5
1B2
100
AcDbEntity
  8
OBS_COLUMN
  6
ByLayer
 62
  256
370
   -1
100
AcDbPolyline
 90
    4
 70
    1
 43
0
 10
259.6
 20
184.6
 10
260.4
 20
184.6
 10
260.4
 20
185.4
 10
259.6
 20
185.4
  0
LWPOLYLINE
  5
1B3
100
AcDbEntity
  8
OBS_COLUMN
  6
ByLayer
 62
  256
370
   -1
100
AcDbPolyline
 90
    4
 70
    1
 43
0
 10
259.6
 20
199.6
 10
260.4
 20
199.6
 10
260.4
 20
200.4
 10
259.6
 20
200.4
  0
LWPOLYLINE
  5
1B4
100
AcDbEntity
  8
OBS_COLUMN
  6
ByLayer
 62
  256
370
   -1
100
AcDbPolyline
 90
    4
 70
    1
 43
0
 10
259.6
 20
214.6
 10
260.4
 20
214.6
 10
260.4
 20
215.4
 10
259.6
 20
215.4
  0
LWPOLYLINE
  5
1B5
100
AcDbEntity
  8
OBS_COLUMN
  6
ByLayer
 62
  256
370
   -1
100
AcDbPolyline
 90
    4
 70
    1
 43
0
 10
259.6
 20
229.6
 10
260.4
 20
229.6
 10
260.4
 20
230.4
 10
259.6
 20
230.4
  0
LWPOLYLINE
  5
1B6
100
AcDbEntity
  8
OBS_COLUMN
  6
ByLayer
 62
  256
370
   -1
100
AcDbPolyline
 90
    4
 70
    1
 43
0
 10
259.6
 20
244.6
 10
260.4
 20
244.6
 10
260.4
 20
245.4
 10
259.6
 20
245.4
  0
LWPOLYLINE
  5
1B7
100
AcDbEntity
  8
OBS_COLUMN
  6
ByLayer
 62
  256
370
   -1
100
AcDbPolyline
 90
    4
 70
    1
 43
0
 10
259.6
 20
259.6
 10
260.4
 20
259.6
 10
260.4
 20
260.4
 10
259.6
 20
260.4
  0
LWPOLYLINE
  5
1B8
100
AcDbEntity
  8
OBS_COLUMN
  6
ByLayer
 62
  256
370
   -1
100
AcDbPolyline
 90
    4
 70
    1
 43
0
 10
259.6
 20
274.6
 10
260.4
 20
274.6
 10
260.4
 20
275.4
 10
259.6
 20
275.4
  0
LWPOLYLINE
  5
1B9
100
AcDbEntity
  8
OBS_COLUMN
  6
ByLayer
 62
  256
370
   -1
100
AcDbPolyline
 90
    4
 70
    1
 43
0
 10
259.6
 20
289.6
 10
260.4
 20
289.6
 10
260.4
 20
290.4
 10
259.6
 20
290.4
  0
LWPOLYLINE
  5
1BA
100
AcDbEntity
  8
OBS_COLUMN
  6
ByLayer
 62
  256
370
   -1
100
AcDbPolyline
 90
    4
 70
    1
 43
0
 10
259.6
 20
304.6
 10
260.4
 20
304.6
 10
260.4
 20
305.4
 10
259.6
 20
305.4
  0
LWPOLYLINE
  5
1BB
100
AcDbEntity
  8
OBS_COLUMN
  6
ByLayer
 62
  256
370
   -1
100
AcDbPolyline
 90
    4
 70
    1
 43
0
 10
259.6
 20
319.6
 10
260.4
 20
319.6
 10
260.4
 20
320.4
 10
259.6
 20
320.4
  0
LWPOLYLINE
  5
1BC
100
AcDbEntity
  8
OBS_COLUMN
  6
ByLayer
 62
  256
370
   -1
100
AcDbPolyline
 90
    4
 70
    1
 43
0
 10
259.6
 20
334.6
 10
260.4
 20
334.6
 10
260.4
 20
335.4
 10
259.6
 20
335.4
  0
LWPOLYLINE
  5
1BD
100
AcDbEntity
  8
OBS_COLUMN
  6
ByLayer
 62
  256
370
   -1
100
AcDbPolyline
 90
    4
 70
    1
 43
0
 10
259.6
 20
349.6
 10
260.4
 20
349.6
 10
260.4
 20
350.4
 10
259.6
 20
350.4
  0
LWPOLYLINE
  5
1BE
100
AcDbEntity
  8
OBS_COLUMN
  6
ByLayer
 62
  256
370
   -1
100
AcDbPolyline
 90
    4
 70
    1
 43
0
 10
259.6
 20
364.6
 10
260.4
 20
364.6
 10
260.4
 20
365.4
 10
259.6
 20
365.4
  0
LWPOLYLINE
  5
1BF
100
AcDbEntity
  8
OBS_COLUMN
  6
ByLayer
 62
  256
370
   -1
100
AcDbPolyline
 90
    4
 70
    1
 43
0
 10
259.6
 20
379.6
 10
260.4
 20
379.6
 10
260.4
 20
380.4
 10
259.6
 20
380.4
  0
LWPOLYLINE
  5
1C0
100
AcDbEntity
  8
OBS_COLUMN
  6
ByLayer
 62
  256
370
   -1
100
AcDbPolyline
 90
    4
 70
    1
 43
0
 10
259.6
 20
394.6
 10
260.4
 20
394.6
 10
260.4
 20
395.4
 10
259.6
 20
395.4
  0
LWPOLYLINE
  5
1C1
100
AcDbEntity
  8
OBS_COLUMN
  6
ByLayer
 62
  256
370
   -1
100
AcDbPolyline
 90
    4
 70
    1
 43
0
 10
274.6
 20
4.6
 10
275.4
 20
4.6
 10
275.4
 20
5.4
 10
274.6
 20
5.4
  0
LWPOLYLINE
  5
1C2
100
AcDbEntity
  8
OBS_COLUMN
  6
ByLayer
 62
  256
370
   -1
100
AcDbPolyline
 90
    4
 70
    1
 43
0
 10
274.6
 20
19.6
 10
275.4
 20
19.6
 10
275.4
 20
20.4
 10
274.6
 20
20.4
  0
LWPOLYLINE
  5
1C3
100
AcDbEntity
  8
OBS_COLUMN
  6
ByLayer
 62
  256
370
   -1
100
AcDbPolyline
 90
    4
 70
    1
 43
0
 10
274.6
 20
34.6
 10
275.4
 20
34.6
 10
275.4
 20
35.4
 10
274.6
 20
35.4
  0
LWPOLYLINE
  5
1C4
100
AcDbEntity
  8
OBS_COLUMN
  6
ByLayer
 62
  256
370
   -1
100
AcDbPolyline
 90
    4
 70
    1
 43
0
 10
274.6
 20
49.6
 10
275.4
 20
49.6
 10
275.4
 20
50.4
 10
274.6
 20
50.4
  0
LWPOLYLINE
  5
1C5
100
AcDbEntity
  8
OBS_COLUMN
  6
ByLayer
 62
  256
370
   -1
100
AcDbPolyline
 90
    4
 70
    1
 43
0
 10
274.6
 20
64.59999999999999
 10
275.4
 20
64.59999999999999
 10
275.4
 20
65.40000000000001
 10
274.6
 20
65.40000000000001
  0
LWPOLYLINE
  5
1C6
100
AcDbEntity
  8
OBS_COLUMN
  6
ByLayer
 62
  256
370
   -1
100
AcDbPolyline
 90
    4
 70
    1
 43
0
 10
274.6
 20
79.59999999999999
 10
275.4
 20
79.59999999999999
 10
275.4
 20
80.40000000000001
 10
274.6
 20
80.40000000000001
  0
LWPOLYLINE
  5
1C7
100
AcDbEntity
  8
OBS_COLUMN
  6
ByLayer
 62
  256
370
   -1
100
AcDbPolyline
 90
    4
 70
    1
 43
0
 10
274.6
 20
94.59999999999999
 10
275.4
 20
94.59999999999999
 10
275.4
 20
95.40000000000001
 10
274.6
 20
95.40000000000001
  0
LWPOLYLINE
  5
1C8
100
AcDbEntity
  8
OBS_COLUMN
  6
ByLayer
 62
  256
370
   -1
100
AcDbPolyline
 90
    4
 70
    1
 43
0
 10
274.6
 20
109.6
 10
275.4
 20
109.6
 10
275.4
 20
110.4
 10
274.6
 20
110.4
  0
LWPOLYLINE
  5
1C9
100
AcDbEntity
  8
OBS_COLUMN
  6
ByLayer
 62
  256
370
   -1
100
AcDbPolyline
 90
    4
 70
    1
 43
0
 10
274.6
 20
124.6
 10
275.4
 20
124.6
 10
275.4
 20
125.4
 10
274.6
 20
125.4
  0
LWPOLYLINE
  5
1CA
100
AcDbEntity
  8
OBS_COLUMN
  6
ByLayer
 62
  256
370
   -1
100
AcDbPolyline
 90
    4
 70
    1
 43
0
 10
274.6
 20
139.6
 10
275.4
 20
139.6
 10
275.4
 20
140.4
 10
274.6
 20
140.4
  0
LWPOLYLINE
  5
1CB
100
AcDbEntity
  8
OBS_COLUMN
  6
ByLayer
 62
  256
370
   -1
100
AcDbPolyline
 90
    4
 70
    1
 43
0
 10
274.6
 20
154.6
 10
275.4
 20
154.6
 10
275.4
 20
155.4
 10
274.6
 20
155.4
  0
LWPOLYLINE
  5
1CC
100
AcDbEntity
  8
OBS_COLUMN
  6
ByLayer
 62
  256
370
   -1
100
AcDbPolyline
 90
    4
 70
    1
 43
0
 10
274.6
 20
169.6
 10
275.4
 20
169.6
 10
275.4
 20
170.4
 10
274.6
 20
170.4
  0
LWPOLYLINE
  5
1CD
100
AcDbEntity
  8
OBS_COLUMN
  6
ByLayer
 62
  256
370
   -1
100
AcDbPolyline
 90
    4
 70
    1
 43
0
 10
274.6
 20
184.6
 10
275.4
 20
184.6
 10
275.4
 20
185.4
 10
274.6
 20
185.4
  0
LWPOLYLINE
  5
1CE
100
AcDbEntity
  8
OBS_COLUMN
  6
ByLayer
 62
  256
370
   -1
100
AcDbPolyline
 90
    4
 70
    1
 43
0
 10
274.6
 20
199.6
 10
275.4
 20
199.6
 10
275.4
 20
200.4
 10
274.6
 20
200.4
  0
LWPOLYLINE
  5
1CF
100
AcDbEntity
  8
OBS_COLUMN
  6
ByLayer
 62
  256
370
   -1
100
AcDbPolyline
 90
    4
 70
    1
 43
0
 10
274.6
 20
214.6
 10
275.4
 20
214.6
 10
275.4
 20
215.4
 10
274.6
 20
215.4
  0
LWPOLYLINE
  5
1D0
100
AcDbEntity
  8
OBS_COLUMN
  6
ByLayer
 62
  256
370
   -1
100
AcDbPolyline
 90
    4
 70
    1
 43
0
 10
274.6
 20
229.6
 10
275.4
 20
229.6
 10
275.4
 20
230.4
 10
274.6
 20
230.4
  0
LWPOLYLINE
  5
1D1
100
AcDbEntity
  8
OBS_COLUMN
  6
ByLayer
 62
  256
370
   -1
100
AcDbPolyline
 90
    4
 70
    1
 43
0
 10
274.6
 20
244.6
 10
275.4
 20
244.6
 10
275.4
 20
245.4
 10
274.6
 20
245.4
  0
LWPOLYLINE
  5
1D2
100
AcDbEntity
  8
OBS_COLUMN
  6
ByLayer
 62
  256
370
   -1
100
AcDbPolyline
 90
    4
 70
    1
 43
0
 10
274.6
 20
259.6
 10
275.4
 20
259.6
 10
275.4
 20
260.4
 10
274.6
 20
260.4
  0
LWPOLYLINE
  5
1D3
100
AcDbEntity
  8
OBS_COLUMN
  6
ByLayer
 62
  256
370
   -1
100
AcDbPolyline
 90
    4
 70
    1
 43
0
 10
274.6
 20
274.6
 10
275.4
 20
274.6
 10
275.4
 20
275.4
 10
274.6
 20
275.4
  0
LWPOLYLINE
  5
1D4
100
AcDbEntity
  8
OBS_COLUMN
  6
ByLayer
 62
  256
370
   -1
100
AcDbPolyline
 90
    4
 70
    1
 43
0
 10
274.6
 20
289.6
 10
275.4
 20
289.6
 10
275.4
 20
290.4
 10
274.6
 20
290.4
  0
LWPOLYLINE
  5
1D5
100
AcDbEntity
  8
OBS_COLUMN
  6
ByLayer
 62
  256
370
   -1
100
AcDbPolyline
 90
    4
 70
    1
 43
0
 10
274.6
 20
304.6
 10
275.4
 20
304.6
 10
275.4
 20
305.4
 10
274.6
 20
305.4
  0
LWPOLYLINE
  5
1D6
100
AcDbEntity
  8
OBS_COLUMN
  6
ByLayer
 62
  256
370
   -1
100
AcDbPolyline
 90
    4
 70
    1
 43
0
 10
274.6
 20
319.6
 10
275.4
 20
319.6
 10
275.4
 20
320.4
 10
274.6
 20
320.4
  0
LWPOLYLINE
  5
1D7
100
AcDbEntity
  8
OBS_COLUMN
  6
ByLayer
 62
  256
370
   -1
100
AcDbPolyline
 90
    4
 70
    1
 43
0
 10
274.6
 20
334.6
 10
275.4
 20
334.6
 10
275.4
 20
335.4
 10
274.6
 20
335.4
  0
LWPOLYLINE
  5
1D8
100
AcDbEntity
  8
OBS_COLUMN
  6
ByLayer
 62
  256
370
   -1
100
AcDbPolyline
 90
    4
 70
    1
 43
0
 10
274.6
 20
349.6
 10
275.4
 20
349.6
 10
275.4
 20
350.4
 10
274.6
 20
350.4
  0
LWPOLYLINE
  5
1D9
100
AcDbEntity
  8
OBS_COLUMN
  6
ByLayer
 62
  256
370
   -1
100
AcDbPolyline
 90
    4
 70
    1
 43
0
 10
274.6
 20
364.6
 10
275.4
 20
364.6
 10
275.4
 20
365.4
 10
274.6
 20
365.4
  0
LWPOLYLINE
  5
1DA
100
AcDbEntity
  8
OBS_COLUMN
  6
ByLayer
 62
  256
370
   -1
100
AcDbPolyline
 90
    4
 70
    1
 43
0
 10
274.6
 20
379.6
 10
275.4
 20
379.6
 10
275.4
 20
380.4
 10
274.6
 20
380.4
  0
LWPOLYLINE
  5
1DB
100
AcDbEntity
  8
OBS_COLUMN
  6
ByLayer
 62
  256
370
   -1
100
AcDbPolyline
 90
    4
 70
    1
 43
0
 10
274.6
 20
394.6
 10
275.4
 20
394.6
 10
275.4
 20
395.4
 10
274.6
 20
395.4
  0
LWPOLYLINE
  5
1DC
100
AcDbEntity
  8
OBS_COLUMN
  6
ByLayer
 62
  256
370
   -1
100
AcDbPolyline
 90
    4
 70
    1
 43
0
 10
289.6
 20
4.6
 10
290.4
 20
4.6
 10
290.4
 20
5.4
 10
289.6
 20
5.4
  0
LWPOLYLINE
  5
1DD
100
AcDbEntity
  8
OBS_COLUMN
  6
ByLayer
 62
  256
370
   -1
100
AcDbPolyline
 90
    4
 70
    1
 43
0
 10
289.6
 20
19.6
 10
290.4
 20
19.6
 10
290.4
 20
20.4
 10
289.6
 20
20.4
  0
LWPOLYLINE
  5
1DE
100
AcDbEntity
  8
OBS_COLUMN
  6
ByLayer
 62
  256
370
   -1
100
AcDbPolyline
 90
    4
 70
    1
 43
0
 10
289.6
 20
34.6
 10
290.4
 20
34.6
 10
290.4
 20
35.4
 10
289.6
 20
35.4
  0
LWPOLYLINE
  5
1DF
100
AcDbEntity
  8
OBS_COLUMN
  6
ByLayer
 62
  256
370
   -1
100
AcDbPolyline
 90
    4
 70
    1
 43
0
 10
289.6
 20
49.6
 10
290.4
 20
49.6
 10
290.4
 20
50.4
 10
289.6
 20
50.4
  0
LWPOLYLINE
  5
1E0
100
AcDbEntity
  8
OBS_COLUMN
  6
ByLayer
 62
  256
370
   -1
100
AcDbPolyline
 90
    4
 70
    1
 43
0
 10
289.6
 20
64.59999999999999
 10
290.4
 20
64.59999999999999
 10
290.4
 20
65.40000000000001
 10
289.6
 20
65.40000000000001
  0
LWPOLYLINE
  5
1E1
100
AcDbEntity
  8
OBS_COLUMN
  6
ByLayer
 62
  256
370
   -1
100
AcDbPolyline
 90
    4
 70
    1
 43
0
 10
289.6
 20
79.59999999999999
 10
290.4
 20
79.59999999999999
 10
290.4
 20
80.40000000000001
 10
289.6
 20
80.40000000000001
  0
LWPOLYLINE
  5
1E2
100
AcDbEntity
  8
OBS_COLUMN
  6
ByLayer
 62
  256
370
   -1
100
AcDbPolyline
 90
    4
 70
    1
 43
0
 10
289.6
 20
94.59999999999999
 10
290.4
 20
94.59999999999999
 10
290.4
 20
95.40000000000001
 10
289.6
 20
95.40000000000001
  0
LWPOLYLINE
  5
1E3
100
AcDbEntity
  8
OBS_COLUMN
  6
ByLayer
 62
  256
370
   -1
100
AcDbPolyline
 90
    4
 70
    1
 43
0
 10
289.6
 20
109.6
 10
290.4
 20
109.6
 10
290.4
 20
110.4
 10
289.6
 20
110.4
  0
LWPOLYLINE
  5
1E4
100
AcDbEntity
  8
OBS_COLUMN
  6
ByLayer
 62
  256
370
   -1
100
AcDbPolyline
 90
    4
 70
    1
 43
0
 10
289.6
 20
124.6
 10
290.4
 20
124.6
 10
290.4
 20
125.4
 10
289.6
 20
125.4
  0
LWPOLYLINE
  5
1E5
100
AcDbEntity
  8
OBS_COLUMN
  6
ByLayer
 62
  256
370
   -1
100
AcDbPolyline
 90
    4
 70
    1
 43
0
 10
289.6
 20
139.6
 10
290.4
 20
139.6
 10
290.4
 20
140.4
 10
289.6
 20
140.4
  0
LWPOLYLINE
  5
1E6
100
AcDbEntity
  8
OBS_COLUMN
  6
ByLayer
 62
  256
370
   -1
100
AcDbPolyline
 90
    4
 70
    1
 43
0
 10
289.6
 20
154.6
 10
290.4
 20
154.6
 10
290.4
 20
155.4
 10
289.6
 20
155.4
  0
LWPOLYLINE
  5
1E7
100
AcDbEntity
  8
OBS_COLUMN
  6
ByLayer
 62
  256
370
   -1
100
AcDbPolyline
 90
    4
 70
    1
 43
0
 10
289.6
 20
169.6
 10
290.4
 20
169.6
 10
290.4
 20
170.4
 10
289.6
 20
170.4
  0
LWPOLYLINE
  5
1E8
100
AcDbEntity
  8
OBS_COLUMN
  6
ByLayer
 62
  256
370
   -1
100
AcDbPolyline
 90
    4
 70
    1
 43
0
 10
289.6
 20
184.6
 10
290.4
 20
184.6
 10
290.4
 20
185.4
 10
289.6
 20
185.4
  0
LWPOLYLINE
  5
1E9
100
AcDbEntity
  8
OBS_COLUMN
  6
ByLayer
 62
  256
370
   -1
100
AcDbPolyline
 90
    4
 70
    1
 43
0
 10
289.6
 20
199.6
 10
290.4
 20
199.6
 10
290.4
 20
200.4
 10
289.6
 20
200.4
  0
LWPOLYLINE
  5
1EA
100
AcDbEntity
  8
OBS_COLUMN
  6
ByLayer
 62
  256
370
   -1
100
AcDbPolyline
 90
    4
 70
    1
 43
0
 10
289.6
 20
214.6
 10
290.4
 20
214.6
 10
290.4
 20
215.4
 10
289.6
 20
215.4
  0
LWPOLYLINE
  5
1EB
100
AcDbEntity
  8
OBS_COLUMN
  6
ByLayer
 62
  256
370
   -1
100
AcDbPolyline
 90
    4
 70
    1
 43
0
 10
289.6
 20
229.6
 10
290.4
 20
229.6
 10
290.4
 20
230.4
 10
289.6
 20
230.4
  0
LWPOLYLINE
  5
1EC
100
AcDbEntity
  8
OBS_COLUMN
  6
ByLayer
 62
  256
370
   -1
100
AcDbPolyline
 90
    4
 70
    1
 43
0
 10
289.6
 20
244.6
 10
290.4
 20
244.6
 10
290.4
 20
245.4
 10
289.6
 20
245.4
  0
LWPOLYLINE
  5
1ED
100
AcDbEntity
  8
OBS_COLUMN
  6
ByLayer
 62
  256
370
   -1
100
AcDbPolyline
 90
    4
 70
    1
 43
0
 10
289.6
 20
259.6
 10
290.4
 20
259.6
 10
290.4
 20
260.4
 10
289.6
 20
260.4
  0
LWPOLYLINE
  5
1EE
100
AcDbEntity
  8
OBS_COLUMN
  6
ByLayer
 62
  256
370
   -1
100
AcDbPolyline
 90
    4
 70
    1
 43
0
 10
289.6
 20
274.6
 10
290.4
 20
274.6
 10
290.4
 20
275.4
 10
289.6
 20
275.4
  0
LWPOLYLINE
  5
1EF
100
AcDbEntity
  8
OBS_COLUMN
  6
ByLayer
 62
  256
370
   -1
100
AcDbPolyline
 90
    4
 70
    1
 43
0
 10
289.6
 20
289.6
 10
290.4
 20
289.6
 10
290.4
 20
290.4
 10
289.6
 20
290.4
  0
LWPOLYLINE
  5
1F0
100
AcDbEntity
  8
OBS_COLUMN
  6
ByLayer
 62
  256
370
   -1
100
AcDbPolyline
 90
    4
 70
    1
 43
0
 10
289.6
 20
304.6
 10
290.4
 20
304.6
 10
290.4
 20
305.4
 10
289.6
 20
305.4
  0
LWPOLYLINE
  5
1F1
100
AcDbEntity
  8
OBS_COLUMN
  6
ByLayer
 62
  256
370
   -1
100
AcDbPolyline
 90
    4
 70
    1
 43
0
 10
289.6
 20
319.6
 10
290.4
 20
319.6
 10
290.4
 20
320.4
 10
289.6
 20
320.4
  0
LWPOLYLINE
  5
1F2
100
AcDbEntity
  8
OBS_COLUMN
  6
ByLayer
 62
  256
370
   -1
100
AcDbPolyline
 90
    4
 70
    1
 43
0
 10
289.6
 20
334.6
 10
290.4
 20
334.6
 10
290.4
 20
335.4
 10
289.6
 20
335.4
  0
LWPOLYLINE
  5
1F3
100
AcDbEntity
  8
OBS_COLUMN
  6
ByLayer
 62
  256
370
   -1
100
AcDbPolyline
 90
    4
 70
    1
 43
0
 10
289.6
 20
349.6
 10
290.4
 20
349.6
 10
290.4
 20
350.4
 10
289.6
 20
350.4
  0
LWPOLYLINE
  5
1F4
100
AcDbEntity
  8
OBS_COLUMN
  6
ByLayer
 62
  256
370
   -1
100
AcDbPolyline
 90
    4
 70
    1
 43
0
 10
289.6
 20
364.6
 10
290.4
 20
364.6
 10
290.4
 20
365.4
 10
289.6
 20
365.4
  0
LWPOLYLINE
  5
1F5
100
AcDbEntity
  8
OBS_COLUMN
  6
ByLayer
 62
  256
370
   -1
100
AcDbPolyline
 90
    4
 70
    1
 43
0
 10
289.6
 20
379.6
 10
290.4
 20
379.6
 10
290.4
 20
380.4
 10
289.6
 20
380.4
  0
LWPOLYLINE
  5
1F6
100
AcDbEntity
  8
OBS_COLUMN
  6
ByLayer
 62
  256
370
   -1
100
AcDbPolyline
 90
    4
 70
    1
 43
0
 10
289.6
 20
394.6
 10
290.4
 20
394.6
 10
290.4
 20
395.4
 10
289.6
 20
395.4
  0
LWPOLYLINE
  5
1F7
100
AcDbEntity
  8
OBS_COLUMN
  6
ByLayer
 62
  256
370
   -1
100
AcDbPolyline
 90
    4
 70
    1
 43
0
 10
304.6
 20
4.6
 10
305.4
 20
4.6
 10
305.4
 20
5.4
 10
304.6
 20
5.4
  0
LWPOLYLINE
  5
1F8
100
AcDbEntity
  8
OBS_COLUMN
  6
ByLayer
 62
  256
370
   -1
100
AcDbPolyline
 90
    4
 70
    1
 43
0
 10
304.6
 20
19.6
 10
305.4
 20
19.6
 10
305.4
 20
20.4
 10
304.6
 20
20.4
  0
LWPOLYLINE
  5
1F9
100
AcDbEntity
  8
OBS_COLUMN
  6
ByLayer
 62
  256
370
   -1
100
AcDbPolyline
 90
    4
 70
    1
 43
0
 10
304.6
 20
34.6
 10
305.4
 20
34.6
 10
305.4
 20
35.4
 10
304.6
 20
35.4
  0
LWPOLYLINE
  5
1FA
100
AcDbEntity
  8
OBS_COLUMN
  6
ByLayer
 62
  256
370
   -1
100
AcDbPolyline
 90
    4
 70
    1
 43
0
 10
304.6
 20
49.6
 10
305.4
 20
49.6
 10
305.4
 20
50.4
 10
304.6
 20
50.4
  0
LWPOLYLINE
  5
1FB
100
AcDbEntity
  8
OBS_COLUMN
  6
ByLayer
 62
  256
370
   -1
100
AcDbPolyline
 90
    4
 70
    1
 43
0
 10
304.6
 20
64.59999999999999
 10
305.4
 20
64.59999999999999
 10
305.4
 20
65.40000000000001
 10
304.6
 20
65.40000000000001
  0
LWPOLYLINE
  5
1FC
100
AcDbEntity
  8
OBS_COLUMN
  6
ByLayer
 62
  256
370
   -1
100
AcDbPolyline
 90
    4
 70
    1
 43
0
 10
304.6
 20
79.59999999999999
 10
305.4
 20
79.59999999999999
 10
305.4
 20
80.40000000000001
 10
304.6
 20
80.40000000000001
  0
LWPOLYLINE
  5
1FD
100
AcDbEntity
  8
OBS_COLUMN
  6
ByLayer
 62
  256
370
   -1
100
AcDbPolyline
 90
    4
 70
    1
 43
0
 10
304.6
 20
94.59999999999999
 10
305.4
 20
94.59999999999999
 10
305.4
 20
95.40000000000001
 10
304.6
 20
95.40000000000001
  0
LWPOLYLINE
  5
1FE
100
AcDbEntity
  8
OBS_COLUMN
  6
ByLayer
 62
  256
370
   -1
100
AcDbPolyline
 90
    4
 70
    1
 43
0
 10
304.6
 20
109.6
 10
305.4
 20
109.6
 10
305.4
 20
110.4
 10
304.6
 20
110.4
  0
LWPOLYLINE
  5
1FF
100
AcDbEntity
  8
OBS_COLUMN
  6
ByLayer
 62
  256
370
   -1
100
AcDbPolyline
 90
    4
 70
    1
 43
0
 10
304.6
 20
124.6
 10
305.4
 20
124.6
 10
305.4
 20
125.4
 10
304.6
 20
125.4
  0
LWPOLYLINE
  5
200
100
AcDbEntity
  8
OBS_COLUMN
  6
ByLayer
 62
  256
370
   -1
100
AcDbPolyline
 90
    4
 70
    1
 43
0
 10
304.6
 20
139.6
 10
305.4
 20
139.6
 10
305.4
 20
140.4
 10
304.6
 20
140.4
  0
LWPOLYLINE
  5
201
100
AcDbEntity
  8
OBS_COLUMN
  6
ByLayer
 62
  256
370
   -1
100
AcDbPolyline
 90
    4
 70
    1
 43
0
 10
304.6
 20
154.6
 10
305.4
 20
154.6
 10
305.4
 20
155.4
 10
304.6
 20
155.4
  0
LWPOLYLINE
  5
202
100
AcDbEntity
  8
OBS_COLUMN
  6
ByLayer
 62
  256
370
   -1
100
AcDbPolyline
 90
    4
 70
    1
 43
0
 10
304.6
 20
169.6
 10
305.4
 20
169.6
 10
305.4
 20
170.4
 10
304.6
 20
170.4
  0
LWPOLYLINE
  5
203
100
AcDbEntity
  8
OBS_COLUMN
  6
ByLayer
 62
  256
370
   -1
100
AcDbPolyline
 90
    4
 70
    1
 43
0
 10
304.6
 20
184.6
 10
305.4
 20
184.6
 10
305.4
 20
185.4
 10
304.6
 20
185.4
  0
LWPOLYLINE
  5
204
100
AcDbEntity
  8
OBS_COLUMN
  6
ByLayer
 62
  256
370
   -1
100
AcDbPolyline
 90
    4
 70
    1
 43
0
 10
304.6
 20
199.6
 10
305.4
 20
199.6
 10
305.4
 20
200.4
 10
304.6
 20
200.4
  0
LWPOLYLINE
  5
205
100
AcDbEntity
  8
OBS_COLUMN
  6
ByLayer
 62
  256
370
   -1
100
AcDbPolyline
 90
    4
 70
    1
 43
0
 10
304.6
 20
214.6
 10
305.4
 20
214.6
 10
305.4
 20
215.4
 10
304.6
 20
215.4
  0
LWPOLYLINE
  5
206
100
AcDbEntity
  8
OBS_COLUMN
  6
ByLayer
 62
  256
370
   -1
100
AcDbPolyline
 90
    4
 70
    1
 43
0
 10
304.6
 20
229.6
 10
305.4
 20
229.6
 10
305.4
 20
230.4
 10
304.6
 20
230.4
  0
LWPOLYLINE
  5
207
100
AcDbEntity
  8
OBS_COLUMN
  6
ByLayer
 62
  256
370
   -1
100
AcDbPolyline
 90
    4
 70
    1
 43
0
 10
304.6
 20
244.6
 10
305.4
 20
244.6
 10
305.4
 20
245.4
 10
304.6
 20
245.4
  0
LWPOLYLINE
  5
208
100
AcDbEntity
  8
OBS_COLUMN
  6
ByLayer
 62
  256
370
   -1
100
AcDbPolyline
 90
    4
 70
    1
 43
0
 10
304.6
 20
259.6
 10
305.4
 20
259.6
 10
305.4
 20
260.4
 10
304.6
 20
260.4
  0
LWPOLYLINE
  5
209
100
AcDbEntity
  8
OBS_COLUMN
  6
ByLayer
 62
  256
370
   -1
100
AcDbPolyline
 90
    4
 70
    1
 43
0
 10
304.6
 20
274.6
 10
305.4
 20
274.6
 10
305.4
 20
275.4
 10
304.6
 20
275.4
  0
LWPOLYLINE
  5
20A
100
AcDbEntity
  8
OBS_COLUMN
  6
ByLayer
 62
  256
370
   -1
100
AcDbPolyline
 90
    4
 70
    1
 43
0
 10
304.6
 20
289.6
 10
305.4
 20
289.6
 10
305.4
 20
290.4
 10
304.6
 20
290.4
  0
LWPOLYLINE
  5
20B
100
AcDbEntity
  8
OBS_COLUMN
  6
ByLayer
 62
  256
370
   -1
100
AcDbPolyline
 90
    4
 70
    1
 43
0
 10
304.6
 20
304.6
 10
305.4
 20
304.6
 10
305.4
 20
305.4
 10
304.6
 20
305.4
  0
LWPOLYLINE
  5
20C
100
AcDbEntity
  8
OBS_COLUMN
  6
ByLayer
 62
  256
370
   -1
100
AcDbPolyline
 90
    4
 70
    1
 43
0
 10
304.6
 20
319.6
 10
305.4
 20
319.6
 10
305.4
 20
320.4
 10
304.6
 20
320.4
  0
LWPOLYLINE
  5
20D
100
AcDbEntity
  8
OBS_COLUMN
  6
ByLayer
 62
  256
370
   -1
100
AcDbPolyline
 90
    4
 70
    1
 43
0
 10
304.6
 20
334.6
 10
305.4
 20
334.6
 10
305.4
 20
335.4
 10
304.6
 20
335.4
  0
LWPOLYLINE
  5
20E
100
AcDbEntity
  8
OBS_COLUMN
  6
ByLayer
 62
  256
370
   -1
100
AcDbPolyline
 90
    4
 70
    1
 43
0
 10
304.6
 20
349.6
 10
305.4
 20
349.6
 10
305.4
 20
350.4
 10
304.6
 20
350.4
  0
LWPOLYLINE
  5
20F
100
AcDbEntity
  8
OBS_COLUMN
  6
ByLayer
 62
  256
370
   -1
100
AcDbPolyline
 90
    4
 70
    1
 43
0
 10
304.6
 20
364.6
 10
305.4
 20
364.6
 10
305.4
 20
365.4
 10
304.6
 20
365.4
  0
LWPOLYLINE
  5
210
100
AcDbEntity
  8
OBS_COLUMN
  6
ByLayer
 62
  256
370
   -1
100
AcDbPolyline
 90
    4
 70
    1
 43
0
 10
304.6
 20
379.6
 10
305.4
 20
379.6
 10
305.4
 20
380.4
 10
304.6
 20
380.4
  0
LWPOLYLINE
  5
211
100
AcDbEntity
  8
OBS_COLUMN
  6
ByLayer
 62
  256
370
   -1
100
AcDbPolyline
 90
    4
 70
    1
 43
0
 10
304.6
 20
394.6
 10
305.4
 20
394.6
 10
305.4
 20
395.4
 10
304.6
 20
395.4
  0
LWPOLYLINE
  5
212
100
AcDbEntity
  8
OBS_COLUMN
  6
ByLayer
 62
  256
370
   -1
100
AcDbPolyline
 90
    4
 70
    1
 43
0
 10
319.6
 20
4.6
 10
320.4
 20
4.6
 10
320.4
 20
5.4
 10
319.6
 20
5.4
  0
LWPOLYLINE
  5
213
100
AcDbEntity
  8
OBS_COLUMN
  6
ByLayer
 62
  256
370
   -1
100
AcDbPolyline
 90
    4
 70
    1
 43
0
 10
319.6
 20
19.6
 10
320.4
 20
19.6
 10
320.4
 20
20.4
 10
319.6
 20
20.4
  0
LWPOLYLINE
  5
214
100
AcDbEntity
  8
OBS_COLUMN
  6
ByLayer
 62
  256
370
   -1
100
AcDbPolyline
 90
    4
 70
    1
 43
0
 10
319.6
 20
34.6
 10
320.4
 20
34.6
 10
320.4
 20
35.4
 10
319.6
 20
35.4
  0
LWPOLYLINE
  5
215
100
AcDbEntity
  8
OBS_COLUMN
  6
ByLayer
 62
  256
370
   -1
100
AcDbPolyline
 90
    4
 70
    1
 43
0
 10
319.6
 20
49.6
 10
320.4
 20
49.6
 10
320.4
 20
50.4
 10
319.6
 20
50.4
  0
LWPOLYLINE
  5
216
100
AcDbEntity
  8
OBS_COLUMN
  6
ByLayer
 62
  256
370
   -1
100
AcDbPolyline
 90
    4
 70
    1
 43
0
 10
319.6
 20
64.59999999999999
 10
320.4
 20
64.59999999999999
 10
320.4
 20
65.40000000000001
 10
319.6
 20
65.40000000000001
  0
LWPOLYLINE
  5
217
100
AcDbEntity
  8
OBS_COLUMN
  6
ByLayer
 62
  256
370
   -1
100
AcDbPolyline
 90
    4
 70
    1
 43
0
 10
319.6
 20
79.59999999999999
 10
320.4
 20
79.59999999999999
 10
320.4
 20
80.40000000000001
 10
319.6
 20
80.40000000000001
  0
LWPOLYLINE
  5
218
100
AcDbEntity
  8
OBS_COLUMN
  6
ByLayer
 62
  256
370
   -1
100
AcDbPolyline
 90
    4
 70
    1
 43
0
 10
319.6
 20
94.59999999999999
 10
320.4
 20
94.59999999999999
 10
320.4
 20
95.40000000000001
 10
319.6
 20
95.40000000000001
  0
LWPOLYLINE
  5
219
100
AcDbEntity
  8
OBS_COLUMN
  6
ByLayer
 62
  256
370
   -1
100
AcDbPolyline
 90
    4
 70
    1
 43
0
 10
319.6
 20
109.6
 10
320.4
 20
109.6
 10
320.4
 20
110.4
 10
319.6
 20
110.4
  0
LWPOLYLINE
  5
21A
100
AcDbEntity
  8
OBS_COLUMN
  6
ByLayer
 62
  256
370
   -1
100
AcDbPolyline
 90
    4
 70
    1
 43
0
 10
319.6
 20
124.6
 10
320.4
 20
124.6
 10
320.4
 20
125.4
 10
319.6
 20
125.4
  0
LWPOLYLINE
  5
21B
100
AcDbEntity
  8
OBS_COLUMN
  6
ByLayer
 62
  256
370
   -1
100
AcDbPolyline
 90
    4
 70
    1
 43
0
 10
319.6
 20
139.6
 10
320.4
 20
139.6
 10
320.4
 20
140.4
 10
319.6
 20
140.4
  0
LWPOLYLINE
  5
21C
100
AcDbEntity
  8
OBS_COLUMN
  6
ByLayer
 62
  256
370
   -1
100
AcDbPolyline
 90
    4
 70
    1
 43
0
 10
319.6
 20
154.6
 10
320.4
 20
154.6
 10
320.4
 20
155.4
 10
319.6
 20
155.4
  0
LWPOLYLINE
  5
21D
100
AcDbEntity
  8
OBS_COLUMN
  6
ByLayer
 62
  256
370
   -1
100
AcDbPolyline
 90
    4
 70
    1
 43
0
 10
319.6
 20
169.6
 10
320.4
 20
169.6
 10
320.4
 20
170.4
 10
319.6
 20
170.4
  0
LWPOLYLINE
  5
21E
100
AcDbEntity
  8
OBS_COLUMN
  6
ByLayer
 62
  256
370
   -1
100
AcDbPolyline
 90
    4
 70
    1
 43
0
 10
319.6
 20
184.6
 10
320.4
 20
184.6
 10
320.4
 20
185.4
 10
319.6
 20
185.4
  0
LWPOLYLINE
  5
21F
100
AcDbEntity
  8
OBS_COLUMN
  6
ByLayer
 62
  256
370
   -1
100
AcDbPolyline
 90
    4
 70
    1
 43
0
 10
319.6
 20
199.6
 10
320.4
 20
199.6
 10
320.4
 20
200.4
 10
319.6
 20
200.4
  0
LWPOLYLINE
  5
220
100
AcDbEntity
  8
OBS_COLUMN
  6
ByLayer
 62
  256
370
   -1
100
AcDbPolyline
 90
    4
 70
    1
 43
0
 10
319.6
 20
214.6
 10
320.4
 20
214.6
 10
320.4
 20
215.4
 10
319.6
 20
215.4
  0
LWPOLYLINE
  5
221
100
AcDbEntity
  8
OBS_COLUMN
  6
ByLayer
 62
  256
370
   -1
100
AcDbPolyline
 90
    4
 70
    1
 43
0
 10
319.6
 20
229.6
 10
320.4
 20
229.6
 10
320.4
 20
230.4
 10
319.6
 20
230.4
  0
LWPOLYLINE
  5
222
100
AcDbEntity
  8
OBS_COLUMN
  6
ByLayer
 62
  256
370
   -1
100
AcDbPolyline
 90
    4
 70
    1
 43
0
 10
319.6
 20
244.6
 10
320.4
 20
244.6
 10
320.4
 20
245.4
 10
319.6
 20
245.4
  0
LWPOLYLINE
  5
223
100
AcDbEntity
  8
OBS_COLUMN
  6
ByLayer
 62
  256
370
   -1
100
AcDbPolyline
 90
    4
 70
    1
 43
0
 10
319.6
 20
259.6
 10
320.4
 20
259.6
 10
320.4
 20
260.4
 10
319.6
 20
260.4
  0
LWPOLYLINE
  5
224
100
AcDbEntity
  8
OBS_COLUMN
  6
ByLayer
 62
  256
370
   -1
100
AcDbPolyline
 90
    4
 70
    1
 43
0
 10
319.6
 20
274.6
 10
320.4
 20
274.6
 10
320.4
 20
275.4
 10
319.6
 20
275.4
  0
LWPOLYLINE
  5
225
100
AcDbEntity
  8
OBS_COLUMN
  6
ByLayer
 62
  256
370
   -1
100
AcDbPolyline
 90
    4
 70
    1
 43
0
 10
319.6
 20
289.6
 10
320.4
 20
289.6
 10
320.4
 20
290.4
 10
319.6
 20
290.4
  0
LWPOLYLINE
  5
226
100
AcDbEntity
  8
OBS_COLUMN
  6
ByLayer
 62
  256
370
   -1
100
AcDbPolyline
 90
    4
 70
    1
 43
0
 10
319.6
 20
304.6
 10
320.4
 20
304.6
 10
320.4
 20
305.4
 10
319.6
 20
305.4
  0
LWPOLYLINE
  5
227
100
AcDbEntity
  8
OBS_COLUMN
  6
ByLayer
 62
  256
370
   -1
100
AcDbPolyline
 90
    4
 70
    1
 43
0
 10
319.6
 20
319.6
 10
320.4
 20
319.6
 10
320.4
 20
320.4
 10
319.6
 20
320.4
  0
LWPOLYLINE
  5
228
100
AcDbEntity
  8
OBS_COLUMN
  6
ByLayer
 62
  256
370
   -1
100
AcDbPolyline
 90
    4
 70
    1
 43
0
 10
319.6
 20
334.6
 10
320.4
 20
334.6
 10
320.4
 20
335.4
 10
319.6
 20
335.4
  0
LWPOLYLINE
  5
229
100
AcDbEntity
  8
OBS_COLUMN
  6
ByLayer
 62
  256
370
   -1
100
AcDbPolyline
 90
    4
 70
    1
 43
0
 10
319.6
 20
349.6
 10
320.4
 20
349.6
 10
320.4
 20
350.4
 10
319.6
 20
350.4
  0
LWPOLYLINE
  5
22A
100
AcDbEntity
  8
OBS_COLUMN
  6
ByLayer
 62
  256
370
   -1
100
AcDbPolyline
 90
    4
 70
    1
 43
0
 10
319.6
 20
364.6
 10
320.4
 20
364.6
 10
320.4
 20
365.4
 10
319.6
 20
365.4
  0
LWPOLYLINE
  5
22B
100
AcDbEntity
  8
OBS_COLUMN
  6
ByLayer
 62
  256
370
   -1
100
AcDbPolyline
 90
    4
 70
    1
 43
0
 10
319.6
 20
379.6
 10
320.4
 20
379.6
 10
320.4
 20
380.4
 10
319.6
 20
380.4
  0
LWPOLYLINE
  5
22C
100
AcDbEntity
  8
OBS_COLUMN
  6
ByLayer
 62
  256
370
   -1
100
AcDbPolyline
 90
    4
 70
    1
 43
0
 10
319.6
 20
394.6
 10
320.4
 20
394.6
 10
320.4
 20
395.4
 10
319.6
 20
395.4
  0
LWPOLYLINE
  5
22D
100
AcDbEntity
  8
OBS_COLUMN
  6
ByLayer
 62
  256
370
   -1
100
AcDbPolyline
 90
    4
 70
    1
 43
0
 10
334.6
 20
4.6
 10
335.4
 20
4.6
 10
335.4
 20
5.4
 10
334.6
 20
5.4
  0
LWPOLYLINE
  5
22E
100
AcDbEntity
  8
OBS_COLUMN
  6
ByLayer
 62
  256
370
   -1
100
AcDbPolyline
 90
    4
 70
    1
 43
0
 10
334.6
 20
19.6
 10
335.4
 20
19.6
 10
335.4
 20
20.4
 10
334.6
 20
20.4
  0
LWPOLYLINE
  5
22F
100
AcDbEntity
  8
OBS_COLUMN
  6
ByLayer
 62
  256
370
   -1
100
AcDbPolyline
 90
    4
 70
    1
 43
0
 10
334.6
 20
34.6
 10
335.4
 20
34.6
 10
335.4
 20
35.4
 10
334.6
 20
35.4
  0
LWPOLYLINE
  5
230
100
AcDbEntity
  8
OBS_COLUMN
  6
ByLayer
 62
  256
370
   -1
100
AcDbPolyline
 90
    4
 70
    1
 43
0
 10
334.6
 20
49.6
 10
335.4
 20
49.6
 10
335.4
 20
50.4
 10
334.6
 20
50.4
  0
LWPOLYLINE
  5
231
100
AcDbEntity
  8
OBS_COLUMN
  6
ByLayer
 62
  256
370
   -1
100
AcDbPolyline
 90
    4
 70
    1
 43
0
 10
334.6
 20
64.59999999999999
 10
335.4
 20
64.59999999999999
 10
335.4
 20
65.40000000000001
 10
334.6
 20
65.40000000000001
  0
LWPOLYLINE
  5
232
100
AcDbEntity
  8
OBS_COLUMN
  6
ByLayer
 62
  256
370
   -1
100
AcDbPolyline
 90
    4
 70
    1
 43
0
 10
334.6
 20
79.59999999999999
 10
335.4
 20
79.59999999999999
 10
335.4
 20
80.40000000000001
 10
334.6
 20
80.40000000000001
  0
LWPOLYLINE
  5
233
100
AcDbEntity
  8
OBS_COLUMN
  6
ByLayer
 62
  256
370
   -1
100
AcDbPolyline
 90
    4
 70
    1
 43
0
 10
334.6
 20
94.59999999999999
 10
335.4
 20
94.59999999999999
 10
335.4
 20
95.40000000000001
 10
334.6
 20
95.40000000000001
  0
LWPOLYLINE
  5
234
100
AcDbEntity
  8
OBS_COLUMN
  6
ByLayer
 62
  256
370
   -1
100
AcDbPolyline
 90
    4
 70
    1
 43
0
 10
334.6
 20
109.6
 10
335.4
 20
109.6
 10
335.4
 20
110.4
 10
334.6
 20
110.4
  0
LWPOLYLINE
  5
235
100
AcDbEntity
  8
OBS_COLUMN
  6
ByLayer
 62
  256
370
   -1
100
AcDbPolyline
 90
    4
 70
    1
 43
0
 10
334.6
 20
124.6
 10
335.4
 20
124.6
 10
335.4
 20
125.4
 10
334.6
 20
125.4
  0
LWPOLYLINE
  5
236
100
AcDbEntity
  8
OBS_COLUMN
  6
ByLayer
 62
  256
370
   -1
100
AcDbPolyline
 90
    4
 70
    1
 43
0
 10
334.6
 20
139.6
 10
335.4
 20
139.6
 10
335.4
 20
140.4
 10
334.6
 20
140.4
  0
LWPOLYLINE
  5
237
100
AcDbEntity
  8
OBS_COLUMN
  6
ByLayer
 62
  256
370
   -1
100
AcDbPolyline
 90
    4
 70
    1
 43
0
 10
334.6
 20
154.6
 10
335.4
 20
154.6
 10
335.4
 20
155.4
 10
334.6
 20
155.4
  0
LWPOLYLINE
  5
238
100
AcDbEntity
  8
OBS_COLUMN
  6
ByLayer
 62
  256
370
   -1
100
AcDbPolyline
 90
    4
 70
    1
 43
0
 10
334.6
 20
169.6
 10
335.4
 20
169.6
 10
335.4
 20
170.4
 10
334.6
 20
170.4
  0
LWPOLYLINE
  5
239
100
AcDbEntity
  8
OBS_COLUMN
  6
ByLayer
 62
  256
370
   -1
100
AcDbPolyline
 90
    4
 70
    1
 43
0
 10
334.6
 20
184.6
 10
335.4
 20
184.6
 10
335.4
 20
185.4
 10
334.6
 20
185.4
  0
LWPOLYLINE
  5
23A
100
AcDbEntity
  8
OBS_COLUMN
  6
ByLayer
 62
  256
370
   -1
100
AcDbPolyline
 90
    4
 70
    1
 43
0
 10
334.6
 20
199.6
 10
335.4
 20
199.6
 10
335.4
 20
200.4
 10
334.6
 20
200.4
  0
LWPOLYLINE
  5
23B
100
AcDbEntity
  8
OBS_COLUMN
  6
ByLayer
 62
  256
370
   -1
100
AcDbPolyline
 90
    4
 70
    1
 43
0
 10
334.6
 20
214.6
 10
335.4
 20
214.6
 10
335.4
 20
215.4
 10
334.6
 20
215.4
  0
LWPOLYLINE
  5
23C
100
AcDbEntity
  8
OBS_COLUMN
  6
ByLayer
 62
  256
370
   -1
100
AcDbPolyline
 90
    4
 70
    1
 43
0
 10
334.6
 20
229.6
 10
335.4
 20
229.6
 10
335.4
 20
230.4
 10
334.6
 20
230.4
  0
LWPOLYLINE
  5
23D
100
AcDbEntity
  8
OBS_COLUMN
  6
ByLayer
 62
  256
370
   -1
100
AcDbPolyline
 90
    4
 70
    1
 43
0
 10
334.6
 20
244.6
 10
335.4
 20
244.6
 10
335.4
 20
245.4
 10
334.6
 20
245.4
  0
LWPOLYLINE
  5
23E
100
AcDbEntity
  8
OBS_COLUMN
  6
ByLayer
 62
  256
370
   -1
100
AcDbPolyline
 90
    4
 70
    1
 43
0
 10
334.6
 20
259.6
 10
335.4
 20
259.6
 10
335.4
 20
260.4
 10
334.6
 20
260.4
  0
LWPOLYLINE
  5
23F
100
AcDbEntity
  8
OBS_COLUMN
  6
ByLayer
 62
  256
370
   -1
100
AcDbPolyline
 90
    4
 70
    1
 43
0
 10
334.6
 20
274.6
 10
335.4
 20
274.6
 10
335.4
 20
275.4
 10
334.6
 20
275.4
  0
LWPOLYLINE
  5
240
100
AcDbEntity
  8
OBS_COLUMN
  6
ByLayer
 62
  256
370
   -1
100
AcDbPolyline
 90
    4
 70
    1
 43
0
 10
334.6
 20
289.6
 10
335.4
 20
289.6
 10
335.4
 20
290.4
 10
334.6
 20
290.4
  0
LWPOLYLINE
  5
241
100
AcDbEntity
  8
OBS_COLUMN
  6
ByLayer
 62
  256
370
   -1
100
AcDbPolyline
 90
    4
 70
    1
 43
0
 10
334.6
 20
304.6
 10
335.4
 20
304.6
 10
335.4
 20
305.4
 10
334.6
 20
305.4
  0
LWPOLYLINE
  5
242
100
AcDbEntity
  8
OBS_COLUMN
  6
ByLayer
 62
  256
370
   -1
100
AcDbPolyline
 90
    4
 70
    1
 43
0
 10
334.6
 20
319.6
 10
335.4
 20
319.6
 10
335.4
 20
320.4
 10
334.6
 20
320.4
  0
LWPOLYLINE
  5
243
100
AcDbEntity
  8
OBS_COLUMN
  6
ByLayer
 62
  256
370
   -1
100
AcDbPolyline
 90
    4
 70
    1
 43
0
 10
334.6
 20
334.6
 10
335.4
 20
334.6
 10
335.4
 20
335.4
 10
334.6
 20
335.4
  0
LWPOLYLINE
  5
244
100
AcDbEntity
  8
OBS_COLUMN
  6
ByLayer
 62
  256
370
   -1
100
AcDbPolyline
 90
    4
 70
    1
 43
0
 10
334.6
 20
349.6
 10
335.4
 20
349.6
 10
335.4
 20
350.4
 10
334.6
 20
350.4
  0
LWPOLYLINE
  5
245
100
AcDbEntity
  8
OBS_COLUMN
  6
ByLayer
 62
  256
370
   -1
100
AcDbPolyline
 90
    4
 70
    1
 43
0
 10
334.6
 20
364.6
 10
335.4
 20
364.6
 10
335.4
 20
365.4
 10
334.6
 20
365.4
  0
LWPOLYLINE
  5
246
100
AcDbEntity
  8
OBS_COLUMN
  6
ByLayer
 62
  256
370
   -1
100
AcDbPolyline
 90
    4
 70
    1
 43
0
 10
334.6
 20
379.6
 10
335.4
 20
379.6
 10
335.4
 20
380.4
 10
334.6
 20
380.4
  0
LWPOLYLINE
  5
247
100
AcDbEntity
  8
OBS_COLUMN
  6
ByLayer
 62
  256
370
   -1
100
AcDbPolyline
 90
    4
 70
    1
 43
0
 10
334.6
 20
394.6
 10
335.4
 20
394.6
 10
335.4
 20
395.4
 10
334.6
 20
395.4
  0
LWPOLYLINE
  5
248
100
AcDbEntity
  8
OBS_COLUMN
  6
ByLayer
 62
  256
370
   -1
100
AcDbPolyline
 90
    4
 70
    1
 43
0
 10
349.6
 20
4.6
 10
350.4
 20
4.6
 10
350.4
 20
5.4
 10
349.6
 20
5.4
  0
LWPOLYLINE
  5
249
100
AcDbEntity
  8
OBS_COLUMN
  6
ByLayer
 62
  256
370
   -1
100
AcDbPolyline
 90
    4
 70
    1
 43
0
 10
349.6
 20
19.6
 10
350.4
 20
19.6
 10
350.4
 20
20.4
 10
349.6
 20
20.4
  0
LWPOLYLINE
  5
24A
100
AcDbEntity
  8
OBS_COLUMN
  6
ByLayer
 62
  256
370
   -1
100
AcDbPolyline
 90
    4
 70
    1
 43
0
 10
349.6
 20
34.6
 10
350.4
 20
34.6
 10
350.4
 20
35.4
 10
349.6
 20
35.4
  0
LWPOLYLINE
  5
24B
100
AcDbEntity
  8
OBS_COLUMN
  6
ByLayer
 62
  256
370
   -1
100
AcDbPolyline
 90
    4
 70
    1
 43
0
 10
349.6
 20
49.6
 10
350.4
 20
49.6
 10
350.4
 20
50.4
 10
349.6
 20
50.4
  0
LWPOLYLINE
  5
24C
100
AcDbEntity
  8
OBS_COLUMN
  6
ByLayer
 62
  256
370
   -1
100
AcDbPolyline
 90
    4
 70
    1
 43
0
 10
349.6
 20
64.59999999999999
 10
350.4
 20
64.59999999999999
 10
350.4
 20
65.40000000000001
 10
349.6
 20
65.40000000000001
  0
LWPOLYLINE
  5
24D
100
AcDbEntity
  8
OBS_COLUMN
  6
ByLayer
 62
  256
370
   -1
100
AcDbPolyline
 90
    4
 70
    1
 43
0
 10
349.6
 20
79.59999999999999
 10
350.4
 20
79.59999999999999
 10
350.4
 20
80.40000000000001
 10
349.6
 20
80.40000000000001
  0
LWPOLYLINE
  5
24E
100
AcDbEntity
  8
OBS_COLUMN
  6
ByLayer
 62
  256
370
   -1
100
AcDbPolyline
 90
    4
 70
    1
 43
0
 10
349.6
 20
94.59999999999999
 10
350.4
 20
94.59999999999999
 10
350.4
 20
95.40000000000001
 10
349.6
 20
95.40000000000001
  0
LWPOLYLINE
  5
24F
100
AcDbEntity
  8
OBS_COLUMN
  6
ByLayer
 62
  256
370
   -1
100
AcDbPolyline
 90
    4
 70
    1
 43
0
 10
349.6
 20
109.6
 10
350.4
 20
109.6
 10
350.4
 20
110.4
 10
349.6
 20
110.4
  0
LWPOLYLINE
  5
250
100
AcDbEntity
  8
OBS_COLUMN
  6
ByLayer
 62
  256
370
   -1
100
AcDbPolyline
 90
    4
 70
    1
 43
0
 10
349.6
 20
124.6
 10
350.4
 20
124.6
 10
350.4
 20
125.4
 10
349.6
 20
125.4
  0
LWPOLYLINE
  5
251
100
AcDbEntity
  8
OBS_COLUMN
  6
ByLayer
 62
  256
370
   -1
100
AcDbPolyline
 90
    4
 70
    1
 43
0
 10
349.6
 20
139.6
 10
350.4
 20
139.6
 10
350.4
 20
140.4
 10
349.6
 20
140.4
  0
LWPOLYLINE
  5
252
100
AcDbEntity
  8
OBS_COLUMN
  6
ByLayer
 62
  256
370
   -1
100
AcDbPolyline
 90
    4
 70
    1
 43
0
 10
349.6
 20
154.6
 10
350.4
 20
154.6
 10
350.4
 20
155.4
 10
349.6
 20
155.4
  0
LWPOLYLINE
  5
253
100
AcDbEntity
  8
OBS_COLUMN
  6
ByLayer
 62
  256
370
   -1
100
AcDbPolyline
 90
    4
 70
    1
 43
0
 10
349.6
 20
169.6
 10
350.4
 20
169.6
 10
350.4
 20
170.4
 10
349.6
 20
170.4
  0
LWPOLYLINE
  5
254
100
AcDbEntity
  8
OBS_COLUMN
  6
ByLayer
 62
  256
370
   -1
100
AcDbPolyline
 90
    4
 70
    1
 43
0
 10
349.6
 20
184.6
 10
350.4
 20
184.6
 10
350.4
 20
185.4
 10
349.6
 20
185.4
  0
LWPOLYLINE
  5
255
100
AcDbEntity
  8
OBS_COLUMN
  6
ByLayer
 62
  256
370
   -1
100
AcDbPolyline
 90
    4
 70
    1
 43
0
 10
349.6
 20
199.6
 10
350.4
 20
199.6
 10
350.4
 20
200.4
 10
349.6
 20
200.4
  0
LWPOLYLINE
  5
256
100
AcDbEntity
  8
OBS_COLUMN
  6
ByLayer
 62
  256
370
   -1
100
AcDbPolyline
 90
    4
 70
    1
 43
0
 10
349.6
 20
214.6
 10
350.4
 20
214.6
 10
350.4
 20
215.4
 10
349.6
 20
215.4
  0
LWPOLYLINE
  5
257
100
AcDbEntity
  8
OBS_COLUMN
  6
ByLayer
 62
  256
370
   -1
100
AcDbPolyline
 90
    4
 70
    1
 43
0
 10
349.6
 20
229.6
 10
350.4
 20
229.6
 10
350.4
 20
230.4
 10
349.6
 20
230.4
  0
LWPOLYLINE
  5
258
100
AcDbEntity
  8
OBS_COLUMN
  6
ByLayer
 62
  256
370
   -1
100
AcDbPolyline
 90
    4
 70
    1
 43
0
 10
349.6
 20
244.6
 10
350.4
 20
244.6
 10
350.4
 20
245.4
 10
349.6
 20
245.4
  0
LWPOLYLINE
  5
259
100
AcDbEntity
  8
OBS_COLUMN
  6
ByLayer
 62
  256
370
   -1
100
AcDbPolyline
 90
    4
 70
    1
 43
0
 10
349.6
 20
259.6
 10
350.4
 20
259.6
 10
350.4
 20
260.4
 10
349.6
 20
260.4
  0
LWPOLYLINE
  5
25A
100
AcDbEntity
  8
OBS_COLUMN
  6
ByLayer
 62
  256
370
   -1
100
AcDbPolyline
 90
    4
 70
    1
 43
0
 10
349.6
 20
274.6
 10
350.4
 20
274.6
 10
350.4
 20
275.4
 10
349.6
 20
275.4
  0
LWPOLYLINE
  5
25B
100
AcDbEntity
  8
OBS_COLUMN
  6
ByLayer
 62
  256
370
   -1
100
AcDbPolyline
 90
    4
 70
    1
 43
0
 10
349.6
 20
289.6
 10
350.4
 20
289.6
 10
350.4
 20
290.4
 10
349.6
 20
290.4
  0
LWPOLYLINE
  5
25C
100
AcDbEntity
  8
OBS_COLUMN
  6
ByLayer
 62
  256
370
   -1
100
AcDbPolyline
 90
    4
 70
    1
 43
0
 10
349.6
 20
304.6
 10
350.4
 20
304.6
 10
350.4
 20
305.4
 10
349.6
 20
305.4
  0
LWPOLYLINE
  5
25D
100
AcDbEntity
  8
OBS_COLUMN
  6
ByLayer
 62
  256
370
   -1
100
AcDbPolyline
 90
    4
 70
    1
 43
0
 10
349.6
 20
319.6
 10
350.4
 20
319.6
 10
350.4
 20
320.4
 10
349.6
 20
320.4
  0
LWPOLYLINE
  5
25E
100
AcDbEntity
  8
OBS_COLUMN
  6
ByLayer
 62
  256
370
   -1
100
AcDbPolyline
 90
    4
 70
    1
 43
0
 10
349.6
 20
334.6
 10
350.4
 20
334.6
 10
350.4
 20
335.4
 10
349.6
 20
335.4
  0
LWPOLYLINE
  5
25F
100
AcDbEntity
  8
OBS_COLUMN
  6
ByLayer
 62
  256
370
   -1
100
AcDbPolyline
 90
    4
 70
    1
 43
0
 10
349.6
 20
349.6
 10
350.4
 20
349.6
 10
350.4
 20
350.4
 10
349.6
 20
350.4
  0
LWPOLYLINE
  5
260
100
AcDbEntity
  8
OBS_COLUMN
  6
ByLayer
 62
  256
370
   -1
100
AcDbPolyline
 90
    4
 70
    1
 43
0
 10
349.6
 20
364.6
 10
350.4
 20
364.6
 10
350.4
 20
365.4
 10
349.6
 20
365.4
  0
LWPOLYLINE
  5
261
100
AcDbEntity
  8
OBS_COLUMN
  6
ByLayer
 62
  256
370
   -1
100
AcDbPolyline
 90
    4
 70
    1
 43
0
 10
349.6
 20
379.6
 10
350.4
 20
379.6
 10
350.4
 20
380.4
 10
349.6
 20
380.4
  0
LWPOLYLINE
  5
262
100
AcDbEntity
  8
OBS_COLUMN
  6
ByLayer
 62
  256
370
   -1
100
AcDbPolyline
 90
    4
 70
    1
 43
0
 10
349.6
 20
394.6
 10
350.4
 20
394.6
 10
350.4
 20
395.4
 10
349.6
 20
395.4
  0
LWPOLYLINE
  5
263
100
AcDbEntity
  8
OBS_COLUMN
  6
ByLayer
 62
  256
370
   -1
100
AcDbPolyline
 90
    4
 70
    1
 43
0
 10
364.6
 20
4.6
 10
365.4
 20
4.6
 10
365.4
 20
5.4
 10
364.6
 20
5.4
  0
LWPOLYLINE
  5
264
100
AcDbEntity
  8
OBS_COLUMN
  6
ByLayer
 62
  256
370
   -1
100
AcDbPolyline
 90
    4
 70
    1
 43
0
 10
364.6
 20
19.6
 10
365.4
 20
19.6
 10
365.4
 20
20.4
 10
364.6
 20
20.4
  0
LWPOLYLINE
  5
265
100
AcDbEntity
  8
OBS_COLUMN
  6
ByLayer
 62
  256
370
   -1
100
AcDbPolyline
 90
    4
 70
    1
 43
0
 10
364.6
 20
34.6
 10
365.4
 20
34.6
 10
365.4
 20
35.4
 10
364.6
 20
35.4
  0
LWPOLYLINE
  5
266
100
AcDbEntity
  8
OBS_COLUMN
  6
ByLayer
 62
  256
370
   -1
100
AcDbPolyline
 90
    4
 70
    1
 43
0
 10
364.6
 20
49.6
 10
365.4
 20
49.6
 10
365.4
 20
50.4
 10
364.6
 20
50.4
  0
LWPOLYLINE
  5
267
100
AcDbEntity
  8
OBS_COLUMN
  6
ByLayer
 62
  256
370
   -1
100
AcDbPolyline
 90
    4
 70
    1
 43
0
 10
364.6
 20
64.59999999999999
 10
365.4
 20
64.59999999999999
 10
365.4
 20
65.40000000000001
 10
364.6
 20
65.40000000000001
  0
LWPOLYLINE
  5
268
100
AcDbEntity
  8
OBS_COLUMN
  6
ByLayer
 62
  256
370
   -1
100
AcDbPolyline
 90
    4
 70
    1
 43
0
 10
364.6
 20
79.59999999999999
 10
365.4
 20
79.59999999999999
 10
365.4
 20
80.40000000000001
 10
364.6
 20
80.40000000000001
  0
LWPOLYLINE
  5
269
100
AcDbEntity
  8
OBS_COLUMN
  6
ByLayer
 62
  256
370
   -1
100
AcDbPolyline
 90
    4
 70
    1
 43
0
 10
364.6
 20
94.59999999999999
 10
365.4
 20
94.59999999999999
 10
365.4
 20
95.40000000000001
 10
364.6
 20
95.40000000000001
  0
LWPOLYLINE
  5
26A
100
AcDbEntity
  8
OBS_COLUMN
  6
ByLayer
 62
  256
370
   -1
100
AcDbPolyline
 90
    4
 70
    1
 43
0
 10
364.6
 20
109.6
 10
365.4
 20
109.6
 10
365.4
 20
110.4
 10
364.6
 20
110.4
  0
LWPOLYLINE
  5
26B
100
AcDbEntity
  8
OBS_COLUMN
  6
ByLayer
 62
  256
370
   -1
100
AcDbPolyline
 90
    4
 70
    1
 43
0
 10
364.6
 20
124.6
 10
365.4
 20
124.6
 10
365.4
 20
125.4
 10
364.6
 20
125.4
  0
LWPOLYLINE
  5
26C
100
AcDbEntity
  8
OBS_COLUMN
  6
ByLayer
 62
  256
370
   -1
100
AcDbPolyline
 90
    4
 70
    1
 43
0
 10
364.6
 20
139.6
 10
365.4
 20
139.6
 10
365.4
 20
140.4
 10
364.6
 20
140.4
  0
LWPOLYLINE
  5
26D
100
AcDbEntity
  8
OBS_COLUMN
  6
ByLayer
 62
  256
370
   -1
100
AcDbPolyline
 90
    4
 70
    1
 43
0
 10
364.6
 20
154.6
 10
365.4
 20
154.6
 10
365.4
 20
155.4
 10
364.6
 20
155.4
  0
LWPOLYLINE
  5
26E
100
AcDbEntity
  8
OBS_COLUMN
  6
ByLayer
 62
  256
370
   -1
100
AcDbPolyline
 90
    4
 70
    1
 43
0
 10
364.6
 20
169.6
 10
365.4
 20
169.6
 10
365.4
 20
170.4
 10
364.6
 20
170.4
  0
LWPOLYLINE
  5
26F
100
AcDbEntity
  8
OBS_COLUMN
  6
ByLayer
 62
  256
370
   -1
100
AcDbPolyline
 90
    4
 70
    1
 43
0
 10
364.6
 20
184.6
 10
365.4
 20
184.6
 10
365.4
 20
185.4
 10
364.6
 20
185.4
  0
LWPOLYLINE
  5
270
100
AcDbEntity
  8
OBS_COLUMN
  6
ByLayer
 62
  256
370
   -1
100
AcDbPolyline
 90
    4
 70
    1
 43
0
 10
364.6
 20
199.6
 10
365.4
 20
199.6
 10
365.4
 20
200.4
 10
364.6
 20
200.4
  0
LWPOLYLINE
  5
271
100
AcDbEntity
  8
OBS_COLUMN
  6
ByLayer
 62
  256
370
   -1
100
AcDbPolyline
 90
    4
 70
    1
 43
0
 10
364.6
 20
214.6
 10
365.4
 20
214.6
 10
365.4
 20
215.4
 10
364.6
 20
215.4
  0
LWPOLYLINE
  5
272
100
AcDbEntity
  8
OBS_COLUMN
  6
ByLayer
 62
  256
370
   -1
100
AcDbPolyline
 90
    4
 70
    1
 43
0
 10
364.6
 20
229.6
 10
365.4
 20
229.6
 10
365.4
 20
230.4
 10
364.6
 20
230.4
  0
LWPOLYLINE
  5
273
100
AcDbEntity
  8
OBS_COLUMN
  6
ByLayer
 62
  256
370
   -1
100
AcDbPolyline
 90
    4
 70
    1
 43
0
 10
364.6
 20
244.6
 10
365.4
 20
244.6
 10
365.4
 20
245.4
 10
364.6
 20
245.4
  0
LWPOLYLINE
  5
274
100
AcDbEntity
  8
OBS_COLUMN
  6
ByLayer
 62
  256
370
   -1
100
AcDbPolyline
 90
    4
 70
    1
 43
0
 10
364.6
 20
259.6
 10
365.4
 20
259.6
 10
365.4
 20
260.4
 10
364.6
 20
260.4
  0
LWPOLYLINE
  5
275
100
AcDbEntity
  8
OBS_COLUMN
  6
ByLayer
 62
  256
370
   -1
100
AcDbPolyline
 90
    4
 70
    1
 43
0
 10
364.6
 20
274.6
 10
365.4
 20
274.6
 10
365.4
 20
275.4
 10
364.6
 20
275.4
  0
LWPOLYLINE
  5
276
100
AcDbEntity
  8
OBS_COLUMN
  6
ByLayer
 62
  256
370
   -1
100
AcDbPolyline
 90
    4
 70
    1
 43
0
 10
364.6
 20
289.6
 10
365.4
 20
289.6
 10
365.4
 20
290.4
 10
364.6
 20
290.4
  0
LWPOLYLINE
  5
277
100
AcDbEntity
  8
OBS_COLUMN
  6
ByLayer
 62
  256
370
   -1
100
AcDbPolyline
 90
    4
 70
    1
 43
0
 10
364.6
 20
304.6
 10
365.4
 20
304.6
 10
365.4
 20
305.4
 10
364.6
 20
305.4
  0
LWPOLYLINE
  5
278
100
AcDbEntity
  8
OBS_COLUMN
  6
ByLayer
 62
  256
370
   -1
100
AcDbPolyline
 90
    4
 70
    1
 43
0
 10
364.6
 20
319.6
 10
365.4
 20
319.6
 10
365.4
 20
320.4
 10
364.6
 20
320.4
  0
LWPOLYLINE
  5
279
100
AcDbEntity
  8
OBS_COLUMN
  6
ByLayer
 62
  256
370
   -1
100
AcDbPolyline
 90
    4
 70
    1
 43
0
 10
364.6
 20
334.6
 10
365.4
 20
334.6
 10
365.4
 20
335.4
 10
364.6
 20
335.4
  0
LWPOLYLINE
  5
27A
100
AcDbEntity
  8
OBS_COLUMN
  6
ByLayer
 62
  256
370
   -1
100
AcDbPolyline
 90
    4
 70
    1
 43
0
 10
364.6
 20
349.6
 10
365.4
 20
349.6
 10
365.4
 20
350.4
 10
364.6
 20
350.4
  0
LWPOLYLINE
  5
27B
100
AcDbEntity
  8
OBS_COLUMN
  6
ByLayer
 62
  256
370
   -1
100
AcDbPolyline
 90
    4
 70
    1
 43
0
 10
364.6
 20
364.6
 10
365.4
 20
364.6
 10
365.4
 20
365.4
 10
364.6
 20
365.4
  0
LWPOLYLINE
  5
27C
100
AcDbEntity
  8
OBS_COLUMN
  6
ByLayer
 62
  256
370
   -1
100
AcDbPolyline
 90
    4
 70
    1
 43
0
 10
364.6
 20
379.6
 10
365.4
 20
379.6
 10
365.4
 20
380.4
 10
364.6
 20
380.4
  0
LWPOLYLINE
  5
27D
100
AcDbEntity
  8
OBS_COLUMN
  6
ByLayer
 62
  256
370
   -1
100
AcDbPolyline
 90
    4
 70
    1
 43
0
 10
364.6
 20
394.6
 10
365.4
 20
394.6
 10
365.4
 20
395.4
 10
364.6
 20
395.4
  0
LWPOLYLINE
  5
27E
100
AcDbEntity
  8
OBS_COLUMN
  6
ByLayer
 62
  256
370
   -1
100
AcDbPolyline
 90
    4
 70
    1
 43
0
 10
379.6
 20
4.6
 10
380.4
 20
4.6
 10
380.4
 20
5.4
 10
379.6
 20
5.4
  0
LWPOLYLINE
  5
27F
100
AcDbEntity
  8
OBS_COLUMN
  6
ByLayer
 62
  256
370
   -1
100
AcDbPolyline
 90
    4
 70
    1
 43
0
 10
379.6
 20
19.6
 10
380.4
 20
19.6
 10
380.4
 20
20.4
 10
379.6
 20
20.4
  0
LWPOLYLINE
  5
280
100
AcDbEntity
  8
OBS_COLUMN
  6
ByLayer
 62
  256
370
   -1
100
AcDbPolyline
 90
    4
 70
    1
 43
0
 10
379.6
 20
34.6
 10
380.4
 20
34.6
 10
380.4
 20
35.4
 10
379.6
 20
35.4
  0
LWPOLYLINE
  5
281
100
AcDbEntity
  8
OBS_COLUMN
  6
ByLayer
 62
  256
370
   -1
100
AcDbPolyline
 90
    4
 70
    1
 43
0
 10
379.6
 20
49.6
 10
380.4
 20
49.6
 10
380.4
 20
50.4
 10
379.6
 20
50.4
  0
LWPOLYLINE
  5
282
100
AcDbEntity
  8
OBS_COLUMN
  6
ByLayer
 62
  256
370
   -1
100
AcDbPolyline
 90
    4
 70
    1
 43
0
 10
379.6
 20
64.59999999999999
 10
380.4
 20
64.59999999999999
 10
380.4
 20
65.40000000000001
 10
379.6
 20
65.40000000000001
  0
LWPOLYLINE
  5
283
100
AcDbEntity
  8
OBS_COLUMN
  6
ByLayer
 62
  256
370
   -1
100
AcDbPolyline
 90
    4
 70
    1
 43
0
 10
379.6
 20
79.59999999999999
 10
380.4
 20
79.59999999999999
 10
380.4
 20
80.40000000000001
 10
379.6
 20
80.40000000000001
  0
LWPOLYLINE
  5
284
100
AcDbEntity
  8
OBS_COLUMN
  6
ByLayer
 62
  256
370
   -1
100
AcDbPolyline
 90
    4
 70
    1
 43
0
 10
379.6
 20
94.59999999999999
 10
380.4
 20
94.59999999999999
 10
380.4
 20
95.40000000000001
 10
379.6
 20
95.40000000000001
  0
LWPOLYLINE
  5
285
100
AcDbEntity
  8
OBS_COLUMN
  6
ByLayer
 62
  256
370
   -1
100
AcDbPolyline
 90
    4
 70
    1
 43
0
 10
379.6
 20
109.6
 10
380.4
 20
109.6
 10
380.4
 20
110.4
 10
379.6
 20
110.4
  0
LWPOLYLINE
  5
286
100
AcDbEntity
  8
OBS_COLUMN
  6
ByLayer
 62
  256
370
   -1
100
AcDbPolyline
 90
    4
 70
    1
 43
0
 10
379.6
 20
124.6
 10
380.4
 20
124.6
 10
380.4
 20
125.4
 10
379.6
 20
125.4
  0
LWPOLYLINE
  5
287
100
AcDbEntity
  8
OBS_COLUMN
  6
ByLayer
 62
  256
370
   -1
100
AcDbPolyline
 90
    4
 70
    1
 43
0
 10
379.6
 20
139.6
 10
380.4
 20
139.6
 10
380.4
 20
140.4
 10
379.6
 20
140.4
  0
LWPOLYLINE
  5
288
100
AcDbEntity
  8
OBS_COLUMN
  6
ByLayer
 62
  256
370
   -1
100
AcDbPolyline
 90
    4
 70
    1
 43
0
 10
379.6
 20
154.6
 10
380.4
 20
154.6
 10
380.4
 20
155.4
 10
379.6
 20
155.4
  0
LWPOLYLINE
  5
289
100
AcDbEntity
  8
OBS_COLUMN
  6
ByLayer
 62
  256
370
   -1
100
AcDbPolyline
 90
    4
 70
    1
 43
0
 10
379.6
 20
169.6
 10
380.4
 20
169.6
 10
380.4
 20
170.4
 10
379.6
 20
170.4
  0
LWPOLYLINE
  5
28A
100
AcDbEntity
  8
OBS_COLUMN
  6
ByLayer
 62
  256
370
   -1
100
AcDbPolyline
 90
    4
 70
    1
 43
0
 10
379.6
 20
184.6
 10
380.4
 20
184.6
 10
380.4
 20
185.4
 10
379.6
 20
185.4
  0
LWPOLYLINE
  5
28B
100
AcDbEntity
  8
OBS_COLUMN
  6
ByLayer
 62
  256
370
   -1
100
AcDbPolyline
 90
    4
 70
    1
 43
0
 10
379.6
 20
199.6
 10
380.4
 20
199.6
 10
380.4
 20
200.4
 10
379.6
 20
200.4
  0
LWPOLYLINE
  5
28C
100
AcDbEntity
  8
OBS_COLUMN
  6
ByLayer
 62
  256
370
   -1
100
AcDbPolyline
 90
    4
 70
    1
 43
0
 10
379.6
 20
214.6
 10
380.4
 20
214.6
 10
380.4
 20
215.4
 10
379.6
 20
215.4
  0
LWPOLYLINE
  5
28D
100
AcDbEntity
  8
OBS_COLUMN
  6
ByLayer
 62
  256
370
   -1
100
AcDbPolyline
 90
    4
 70
    1
 43
0
 10
379.6
 20
229.6
 10
380.4
 20
229.6
 10
380.4
 20
230.4
 10
379.6
 20
230.4
  0
LWPOLYLINE
  5
28E
100
AcDbEntity
  8
OBS_COLUMN
  6
ByLayer
 62
  256
370
   -1
100
AcDbPolyline
 90
    4
 70
    1
 43
0
 10
379.6
 20
244.6
 10
380.4
 20
244.6
 10
380.4
 20
245.4
 10
379.6
 20
245.4
  0
LWPOLYLINE
  5
28F
100
AcDbEntity
  8
OBS_COLUMN
  6
ByLayer
 62
  256
370
   -1
100
AcDbPolyline
 90
    4
 70
    1
 43
0
 10
394.6
 20
4.6
 10
395.4
 20
4.6
 10
395.4
 20
5.4
 10
394.6
 20
5.4
  0
LWPOLYLINE
  5
290
100
AcDbEntity
  8
OBS_COLUMN
  6
ByLayer
 62
  256
370
   -1
100
AcDbPolyline
 90
    4
 70
    1
 43
0
 10
394.6
 20
19.6
 10
395.4
 20
19.6
 10
395.4
 20
20.4
 10
394.6
 20
20.4
  0
LWPOLYLINE
  5
291
100
AcDbEntity
  8
OBS_COLUMN
  6
ByLayer
 62
  256
370
   -1
100
AcDbPolyline
 90
    4
 70
    1
 43
0
 10
394.6
 20
34.6
 10
395.4
 20
34.6
 10
395.4
 20
35.4
 10
394.6
 20
35.4
  0
LWPOLYLINE
  5
292
100
AcDbEntity
  8
OBS_COLUMN
  6
ByLayer
 62
  256
370
   -1
100
AcDbPolyline
 90
    4
 70
    1
 43
0
 10
394.6
 20
49.6
 10
395.4
 20
49.6
 10
395.4
 20
50.4
 10
394.6
 20
50.4
  0
LWPOLYLINE
  5
293
100
AcDbEntity
  8
OBS_COLUMN
  6
ByLayer
 62
  256
370
   -1
100
AcDbPolyline
 90
    4
 70
    1
 43
0
 10
394.6
 20
64.59999999999999
 10
395.4
 20
64.59999999999999
 10
395.4
 20
65.40000000000001
 10
394.6
 20
65.40000000000001
  0
LWPOLYLINE
  5
294
100
AcDbEntity
  8
OBS_COLUMN
  6
ByLayer
 62
  256
370
   -1
100
AcDbPolyline
 90
    4
 70
    1
 43
0
 10
394.6
 20
79.59999999999999
 10
395.4
 20
79.59999999999999
 10
395.4
 20
80.40000000000001
 10
394.6
 20
80.40000000000001
  0
LWPOLYLINE
  5
295
100
AcDbEntity
  8
OBS_COLUMN
  6
ByLayer
 62
  256
370
   -1
100
AcDbPolyline
 90
    4
 70
    1
 43
0
 10
394.6
 20
94.59999999999999
 10
395.4
 20
94.59999999999999
 10
395.4
 20
95.40000000000001
 10
394.6
 20
95.40000000000001
  0
LWPOLYLINE
  5
296
100
AcDbEntity
  8
OBS_COLUMN
  6
ByLayer
 62
  256
370
   -1
100
AcDbPolyline
 90
    4
 70
    1
 43
0
 10
394.6
 20
109.6
 10
395.4
 20
109.6
 10
395.4
 20
110.4
 10
394.6
 20
110.4
  0
LWPOLYLINE
  5
297
100
AcDbEntity
  8
OBS_COLUMN
  6
ByLayer
 62
  256
370
   -1
100
AcDbPolyline
 90
    4
 70
    1
 43
0
 10
394.6
 20
124.6
 10
395.4
 20
124.6
 10
395.4
 20
125.4
 10
394.6
 20
125.4
  0
LWPOLYLINE
  5
298
100
AcDbEntity
  8
OBS_COLUMN
  6
ByLayer
 62
  256
370
   -1
100
AcDbPolyline
 90
    4
 70
    1
 43
0
 10
394.6
 20
139.6
 10
395.4
 20
139.6
 10
395.4
 20
140.4
 10
394.6
 20
140.4
  0
LWPOLYLINE
  5
299
100
AcDbEntity
  8
OBS_COLUMN
  6
ByLayer
 62
  256
370
   -1
100
AcDbPolyline
 90
    4
 70
    1
 43
0
 10
394.6
 20
154.6
 10
395.4
 20
154.6
 10
395.4
 20
155.4
 10
394.6
 20
155.4
  0
LWPOLYLINE
  5
29A
100
AcDbEntity
  8
OBS_COLUMN
  6
ByLayer
 62
  256
370
   -1
100
AcDbPolyline
 90
    4
 70
    1
 43
0
 10
394.6
 20
169.6
 10
395.4
 20
169.6
 10
395.4
 20
170.4
 10
394.6
 20
170.4
  0
LWPOLYLINE
  5
29B
100
AcDbEntity
  8
OBS_COLUMN
  6
ByLayer
 62
  256
370
   -1
100
AcDbPolyline
 90
    4
 70
    1
 43
0
 10
394.6
 20
184.6
 10
395.4
 20
184.6
 10
395.4
 20
185.4
 10
394.6
 20
185.4
  0
LWPOLYLINE
  5
29C
100
AcDbEntity
  8
OBS_COLUMN
  6
ByLayer
 62
  256
370
   -1
100
AcDbPolyline
 90
    4
 70
    1
 43
0
 10
394.6
 20
199.6
 10
395.4
 20
199.6
 10
395.4
 20
200.4
 10
394.6
 20
200.4
  0
LWPOLYLINE
  5
29D
100
AcDbEntity
  8
OBS_COLUMN
  6
ByLayer
 62
  256
370
   -1
100
AcDbPolyline
 90
    4
 70
    1
 43
0
 10
394.6
 20
214.6
 10
395.4
 20
214.6
 10
395.4
 20
215.4
 10
394.6
 20
215.4
  0
LWPOLYLINE
  5
29E
100
AcDbEntity
  8
OBS_COLUMN
  6
ByLayer
 62
  256
370
   -1
100
AcDbPolyline
 90
    4
 70
    1
 43
0
 10
394.6
 20
229.6
 10
395.4
 20
229.6
 10
395.4
 20
230.4
 10
394.6
 20
230.4
  0
LWPOLYLINE
  5
29F
100
AcDbEntity
  8
OBS_COLUMN
  6
ByLayer
 62
  256
370
   -1
100
AcDbPolyline
 90
    4
 70
    1
 43
0
 10
394.6
 20
244.6
 10
395.4
 20
244.6
 10
395.4
 20
245.4
 10
394.6
 20
245.4
  0
LWPOLYLINE
  5
2A0
100
AcDbEntity
  8
VIS_CAR
  6
ByLayer
 62
  256
370
   -1
100
AcDbPolyline
 90
    4
 70
    1
 43
0
 10
142.65
 20
45.95
 10
147.35
 20
45.95
 10
147.35
 20
48.05
 10
142.65
 20
48.05
  0
LWPOLYLINE
  5
2A1
100
AcDbEntity
  8
VIS_DETAIL
  6
ByLayer
 62
  256
370
   -1
100
AcDbPolyline
 90
    4
 70
    1
 43
0
 10
143.966
 20
46.538
 10
146.034
 20
46.538
 10
146.034
 20
47.462
 10
143.966
 20
47.462
  0
LWPOLYLINE
  5
2A2
100
AcDbEntity
  8
VIS_CAR
  6
ByLayer
 62
  256
370
   -1
100
AcDbPolyline
 90
    4
 70
    1
 43
0
 10
155.65
 20
45.95
 10
160.35
 20
45.95
 10
160.35
 20
48.05
 10
155.65
 20
48.05
  0
LWPOLYLINE
  5
2A3
100
AcDbEntity
  8
VIS_DETAIL
  6
ByLayer
 62
  256
370
   -1
100
AcDbPolyline
 90
    4
 70
    1
 43
0
 10
156.966
 20
46.538
 10
159.034
 20
46.538
 10
159.034
 20
47.462
 10
156.966
 20
47.462
  0
LWPOLYLINE
  5
2A4
100
AcDbEntity
  8
VIS_CAR
  6
ByLayer
 62
  256
370
   -1
100
AcDbPolyline
 90
    4
 70
    1
 43
0
 10
168.65
 20
45.95
 10
173.35
 20
45.95
 10
173.35
 20
48.05
 10
168.65
 20
48.05
  0
LWPOLYLINE
  5
2A5
100
AcDbEntity
  8
VIS_DETAIL
  6
ByLayer
 62
  256
370
   -1
100
AcDbPolyline
 90
    4
 70
    1
 43
0
 10
169.966
 20
46.538
 10
172.034
 20
46.538
 10
172.034
 20
47.462
 10
169.966
 20
47.462
  0
LWPOLYLINE
  5
2A6
100
AcDbEntity
  8
VIS_CAR
  6
ByLayer
 62
  256
370
   -1
100
AcDbPolyline
 90
    4
 70
    1
 43
0
 10
181.65
 20
45.95
 10
186.35
 20
45.95
 10
186.35
 20
48.05
 10
181.65
 20
48.05
  0
LWPOLYLINE
  5
2A7
100
AcDbEntity
  8
VIS_DETAIL
  6
ByLayer
 62
  256
370
   -1
100
AcDbPolyline
 90
    4
 70
    1
 43
0
 10
182.966
 20
46.538
 10
185.034
 20
46.538
 10
185.034
 20
47.462
 10
182.966
 20
47.462
  0
LWPOLYLINE
  5
2A8
100
AcDbEntity
  8
VIS_CAR
  6
ByLayer
 62
  256
370
   -1
100
AcDbPolyline
 90
    4
 70
    1
 43
0
 10
193.95
 20
46.65
 10
196.05
 20
46.65
 10
196.05
 20
51.35
 10
193.95
 20
51.35
  0
LWPOLYLINE
  5
2A9
100
AcDbEntity
  8
VIS_DETAIL
  6
ByLayer
 62
  256
370
   -1
100
AcDbPolyline
 90
    4
 70
    1
 43
0
 10
194.538
 20
47.966
 10
195.462
 20
47.966
 10
195.462
 20
50.034
 10
194.538
 20
50.034
  0
LWPOLYLINE
  5
2AA
100
AcDbEntity
  8
VIS_CAR
  6
ByLayer
 62
  256
370
   -1
100
AcDbPolyline
 90
    4
 70
    1
 43
0
 10
193.95
 20
59.65
 10
196.05
 20
59.65
 10
196.05
 20
64.34999999999999
 10
193.95
 20
64.34999999999999
  0
LWPOLYLINE
  5
2AB
100
AcDbEntity
  8
VIS_DETAIL
  6
ByLayer
 62
  256
370
   -1
100
AcDbPolyline
 90
    4
 70
    1
 43
0
 10
194.538
 20
60.966
 10
195.462
 20
60.966
 10
195.462
 20
63.034
 10
194.538
 20
63.034
  0
LWPOLYLINE
  5
2AC
100
AcDbEntity
  8
VIS_CAR
  6
ByLayer
 62
  256
370
   -1
100
AcDbPolyline
 90
    4
 70
    1
 43
0
 10
193.95
 20
72.65000000000001
 10
196.05
 20
72.65000000000001
 10
196.05
 20
77.34999999999999
 10
193.95
 20
77.34999999999999
  0
LWPOLYLINE
  5
2AD
100
AcDbEntity
  8
VIS_DETAIL
  6
ByLayer
 62
  256
370
   -1
100
AcDbPolyline
 90
    4
 70
    1
 43
0
 10
194.538
 20
73.96599999999999
 10
195.462
 20
73.96599999999999
 10
195.462
 20
76.03400000000001
 10
194.538
 20
76.03400000000001
  0
LWPOLYLINE
  5
2AE
100
AcDbEntity
  8
VIS_CAR
  6
ByLayer
 62
  256
370
   -1
100
AcDbPolyline
 90
    4
 70
    1
 43
0
 10
193.95
 20
85.65000000000001
 10
196.05
 20
85.65000000000001
 10
196.05
 20
90.34999999999999
 10
193.95
 20
90.34999999999999
  0
LWPOLYLINE
  5
2AF
100
AcDbEntity
  8
VIS_DETAIL
  6
ByLayer
 62
  256
370
   -1
100
AcDbPolyline
 90
    4
 70
    1
 43
0
 10
194.538
 20
86.96599999999999
 10
195.462
 20
86.96599999999999
 10
195.462
 20
89.03400000000001
 10
194.538
 20
89.03400000000001
  0
LWPOLYLINE
  5
2B0
100
AcDbEntity
  8
VIS_CAR
  6
ByLayer
 62
  256
370
   -1
100
AcDbPolyline
 90
    4
 70
    1
 43
0
 10
183.65
 20
90.95
 10
188.35
 20
90.95
 10
188.35
 20
93.05
 10
183.65
 20
93.05
  0
LWPOLYLINE
  5
2B1
100
AcDbEntity
  8
VIS_DETAIL
  6
ByLayer
 62
  256
370
   -1
100
AcDbPolyline
 90
    4
 70
    1
 43
0
 10
184.966
 20
91.538
 10
187.034
 20
91.538
 10
187.034
 20
92.462
 10
184.966
 20
92.462
  0
LWPOLYLINE
  5
2B2
100
AcDbEntity
  8
VIS_CAR
  6
ByLayer
 62
  256
370
   -1
100
AcDbPolyline
 90
    4
 70
    1
 43
0
 10
170.65
 20
90.95
 10
175.35
 20
90.95
 10
175.35
 20
93.05
 10
170.65
 20
93.05
  0
LWPOLYLINE
  5
2B3
100
AcDbEntity
  8
VIS_DETAIL
  6
ByLayer
 62
  256
370
   -1
100
AcDbPolyline
 90
    4
 70
    1
 43
0
 10
171.966
 20
91.538
 10
174.034
 20
91.538
 10
174.034
 20
92.462
 10
171.966
 20
92.462
  0
LWPOLYLINE
  5
2B4
100
AcDbEntity
  8
VIS_CAR
  6
ByLayer
 62
  256
370
   -1
100
AcDbPolyline
 90
    4
 70
    1
 43
0
 10
157.65
 20
90.95
 10
162.35
 20
90.95
 10
162.35
 20
93.05
 10
157.65
 20
93.05
  0
LWPOLYLINE
  5
2B5
100
AcDbEntity
  8
VIS_DETAIL
  6
ByLayer
 62
  256
370
   -1
100
AcDbPolyline
 90
    4
 70
    1
 43
0
 10
158.966
 20
91.538
 10
161.034
 20
91.538
 10
161.034
 20
92.462
 10
158.966
 20
92.462
  0
LWPOLYLINE
  5
2B6
100
AcDbEntity
  8
VIS_CAR
  6
ByLayer
 62
  256
370
   -1
100
AcDbPolyline
 90
    4
 70
    1
 43
0
 10
148.95
 20
92.65000000000001
 10
151.05
 20
92.65000000000001
 10
151.05
 20
97.34999999999999
 10
148.95
 20
97.34999999999999
  0
LWPOLYLINE
  5
2B7
100
AcDbEntity
  8
VIS_DETAIL
  6
ByLayer
 62
  256
370
   -1
100
AcDbPolyline
 90
    4
 70
    1
 43
0
 10
149.538
 20
93.96599999999999
 10
150.462
 20
93.96599999999999
 10
150.462
 20
96.03400000000001
 10
149.538
 20
96.03400000000001
  0
LWPOLYLINE
  5
2B8
100
AcDbEntity
  8
VIS_CAR
  6
ByLayer
 62
  256
370
   -1
100
AcDbPolyline
 90
    4
 70
    1
 43
0
 10
148.95
 20
105.65
 10
151.05
 20
105.65
 10
151.05
 20
110.35
 10
148.95
 20
110.35
  0
LWPOLYLINE
  5
2B9
100
AcDbEntity
  8
VIS_DETAIL
  6
ByLayer
 62
  256
370
   -1
100
AcDbPolyline
 90
    4
 70
    1
 43
0
 10
149.538
 20
106.966
 10
150.462
 20
106.966
 10
150.462
 20
109.034
 10
149.538
 20
109.034
  0
LWPOLYLINE
  5
2BA
100
AcDbEntity
  8
VIS_CAR
  6
ByLayer
 62
  256
370
   -1
100
AcDbPolyline
 90
    4
 70
    1
 43
0
 10
148.95
 20
118.65
 10
151.05
 20
118.65
 10
151.05
 20
123.35
 10
148.95
 20
123.35
  0
LWPOLYLINE
  5
2BB
100
AcDbEntity
  8
VIS_DETAIL
  6
ByLayer
 62
  256
370
   -1
100
AcDbPolyline
 90
    4
 70
    1
 43
0
 10
149.538
 20
119.966
 10
150.462
 20
119.966
 10
150.462
 20
122.034
 10
149.538
 20
122.034
  0
LWPOLYLINE
  5
2BC
100
AcDbEntity
  8
VIS_CAR
  6
ByLayer
 62
  256
370
   -1
100
AcDbPolyline
 90
    4
 70
    1
 43
0
 10
148.95
 20
131.65
 10
151.05
 20
131.65
 10
151.05
 20
136.35
 10
148.95
 20
136.35
  0
LWPOLYLINE
  5
2BD
100
AcDbEntity
  8
VIS_DETAIL
  6
ByLayer
 62
  256
370
   -1
100
AcDbPolyline
 90
    4
 70
    1
 43
0
 10
149.538
 20
132.966
 10
150.462
 20
132.966
 10
150.462
 20
135.034
 10
149.538
 20
135.034
  0
LWPOLYLINE
  5
2BE
100
AcDbEntity
  8
VIS_CAR
  6
ByLayer
 62
  256
370
   -1
100
AcDbPolyline
 90
    4
 70
    1
 43
0
 10
148.95
 20
144.65
 10
151.05
 20
144.65
 10
151.05
 20
149.35
 10
148.95
 20
149.35
  0
LWPOLYLINE
  5
2BF
100
AcDbEntity
  8
VIS_DETAIL
  6
ByLayer
 62
  256
370
   -1
100
AcDbPolyline
 90
    4
 70
    1
 43
0
 10
149.538
 20
145.966
 10
150.462
 20
145.966
 10
150.462
 20
148.034
 10
149.538
 20
148.034
  0
LWPOLYLINE
  5
2C0
100
AcDbEntity
  8
VIS_CAR
  6
ByLayer
 62
  256
370
   -1
100
AcDbPolyline
 90
    4
 70
    1
 43
0
 10
148.95
 20
157.65
 10
151.05
 20
157.65
 10
151.05
 20
162.35
 10
148.95
 20
162.35
  0
LWPOLYLINE
  5
2C1
100
AcDbEntity
  8
VIS_DETAIL
  6
ByLayer
 62
  256
370
   -1
100
AcDbPolyline
 90
    4
 70
    1
 43
0
 10
149.538
 20
158.966
 10
150.462
 20
158.966
 10
150.462
 20
161.034
 10
149.538
 20
161.034
  0
LWPOLYLINE
  5
2C2
100
AcDbEntity
  8
VIS_CAR
  6
ByLayer
 62
  256
370
   -1
100
AcDbPolyline
 90
    4
 70
    1
 43
0
 10
148.95
 20
170.65
 10
151.05
 20
170.65
 10
151.05
 20
175.35
 10
148.95
 20
175.35
  0
LWPOLYLINE
  5
2C3
100
AcDbEntity
  8
VIS_DETAIL
  6
ByLayer
 62
  256
370
   -1
100
AcDbPolyline
 90
    4
 70
    1
 43
0
 10
149.538
 20
171.966
 10
150.462
 20
171.966
 10
150.462
 20
174.034
 10
149.538
 20
174.034
  0
LWPOLYLINE
  5
2C4
100
AcDbEntity
  8
VIS_CAR
  6
ByLayer
 62
  256
370
   -1
100
AcDbPolyline
 90
    4
 70
    1
 43
0
 10
151.65
 20
180.95
 10
156.35
 20
180.95
 10
156.35
 20
183.05
 10
151.65
 20
183.05
  0
LWPOLYLINE
  5
2C5
100
AcDbEntity
  8
VIS_DETAIL
  6
ByLayer
 62
  256
370
   -1
100
AcDbPolyline
 90
    4
 70
    1
 43
0
 10
152.966
 20
181.538
 10
155.034
 20
181.538
 10
155.034
 20
182.462
 10
152.966
 20
182.462
  0
LWPOLYLINE
  5
2C6
100
AcDbEntity
  8
VIS_CAR
  6
ByLayer
 62
  256
370
   -1
100
AcDbPolyline
 90
    4
 70
    1
 43
0
 10
164.65
 20
180.95
 10
169.35
 20
180.95
 10
169.35
 20
183.05
 10
164.65
 20
183.05
  0
LWPOLYLINE
  5
2C7
100
AcDbEntity
  8
VIS_DETAIL
  6
ByLayer
 62
  256
370
   -1
100
AcDbPolyline
 90
    4
 70
    1
 43
0
 10
165.966
 20
181.538
 10
168.034
 20
181.538
 10
168.034
 20
182.462
 10
165.966
 20
182.462
  0
LWPOLYLINE
  5
2C8
100
AcDbEntity
  8
VIS_CAR
  6
ByLayer
 62
  256
370
   -1
100
AcDbPolyline
 90
    4
 70
    1
 43
0
 10
177.65
 20
180.95
 10
182.35
 20
180.95
 10
182.35
 20
183.05
 10
177.65
 20
183.05
  0
LWPOLYLINE
  5
2C9
100
AcDbEntity
  8
VIS_DETAIL
  6
ByLayer
 62
  256
370
   -1
100
AcDbPolyline
 90
    4
 70
    1
 43
0
 10
178.966
 20
181.538
 10
181.034
 20
181.538
 10
181.034
 20
182.462
 10
178.966
 20
182.462
  0
LWPOLYLINE
  5
2CA
100
AcDbEntity
  8
VIS_CAR
  6
ByLayer
 62
  256
370
   -1
100
AcDbPolyline
 90
    4
 70
    1
 43
0
 10
190.65
 20
180.95
 10
195.35
 20
180.95
 10
195.35
 20
183.05
 10
190.65
 20
183.05
  0
LWPOLYLINE
  5
2CB
100
AcDbEntity
  8
VIS_DETAIL
  6
ByLayer
 62
  256
370
   -1
100
AcDbPolyline
 90
    4
 70
    1
 43
0
 10
191.966
 20
181.538
 10
194.034
 20
181.538
 10
194.034
 20
182.462
 10
191.966
 20
182.462
  0
LWPOLYLINE
  5
2CC
100
AcDbEntity
  8
OBS_MACHINE
  6
ByLayer
 62
  256
370
   -1
100
AcDbPolyline
 90
    4
 70
    1
 43
0
 10
37
 20
39
 10
61
 20
39
 10
61
 20
57
 10
37
 20
57
  0
LWPOLYLINE
  5
2CD
100
AcDbEntity
  8
VIS_DETAIL
  6
ByLayer
 62
  256
370
   -1
100
AcDbPolyline
 90
    4
 70
    1
 43
0
 10
37.5
 20
39.5
 10
60.5
 20
39.5
 10
60.5
 20
56.5
 10
37.5
 20
56.5
  0
LWPOLYLINE
  5
2CE
100
AcDbEntity
  8
VIS_DETAIL
  6
ByLayer
 62
  256
370
   -1
100
AcDbPolyline
 90
    4
 70
    1
 43
0
 10
40
 20
41
 10
43
 20
41
 10
43
 20
44
 10
40
 20
44
  0
LWPOLYLINE
  5
2CF
100
AcDbEntity
  8
VIS_DETAIL
  6
ByLayer
 62
  256
370
   -1
100
AcDbPolyline
 90
    4
 70
    1
 43
0
 10
47
 20
41
 10
50
 20
41
 10
50
 20
44
 10
47
 20
44
  0
LWPOLYLINE
  5
2D0
100
AcDbEntity
  8
VIS_DETAIL
  6
ByLayer
 62
  256
370
   -1
100
AcDbPolyline
 90
    4
 70
    1
 43
0
 10
54
 20
41
 10
57
 20
41
 10
57
 20
44
 10
54
 20
44
  0
LWPOLYLINE
  5
2D1
100
AcDbEntity
  8
OBS_MACHINE
  6
ByLayer
 62
  256
370
   -1
100
AcDbPolyline
 90
    4
 70
    1
 43
0
 10
83
 20
40
 10
105
 20
40
 10
105
 20
64
 10
83
 20
64
  0
LWPOLYLINE
  5
2D2
100
AcDbEntity
  8
VIS_DETAIL
  6
ByLayer
 62
  256
370
   -1
100
AcDbPolyline
 90
    4
 70
    1
 43
0
 10
83.5
 20
40.5
 10
104.5
 20
40.5
 10
104.5
 20
63.5
 10
83.5
 20
63.5
  0
LWPOLYLINE
  5
2D3
100
AcDbEntity
  8
VIS_DETAIL
  6
ByLayer
 62
  256
370
   -1
100
AcDbPolyline
 90
    4
 70
    1
 43
0
 10
86
 20
42
 10
89
 20
42
 10
89
 20
45
 10
86
 20
45
  0
LWPOLYLINE
  5
2D4
100
AcDbEntity
  8
VIS_DETAIL
  6
ByLayer
 62
  256
370
   -1
100
AcDbPolyline
 90
    4
 70
    1
 43
0
 10
93
 20
42
 10
96
 20
42
 10
96
 20
45
 10
93
 20
45
  0
LWPOLYLINE
  5
2D5
100
AcDbEntity
  8
VIS_DETAIL
  6
ByLayer
 62
  256
370
   -1
100
AcDbPolyline
 90
    4
 70
    1
 43
0
 10
100
 20
42
 10
103
 20
42
 10
103
 20
45
 10
100
 20
45
  0
LWPOLYLINE
  5
2D6
100
AcDbEntity
  8
OBS_MACHINE
  6
ByLayer
 62
  256
370
   -1
100
AcDbPolyline
 90
    4
 70
    1
 43
0
 10
38
 20
83
 10
62
 20
83
 10
62
 20
105
 10
38
 20
105
  0
LWPOLYLINE
  5
2D7
100
AcDbEntity
  8
VIS_DETAIL
  6
ByLayer
 62
  256
370
   -1
100
AcDbPolyline
 90
    4
 70
    1
 43
0
 10
38.5
 20
83.5
 10
61.5
 20
83.5
 10
61.5
 20
104.5
 10
38.5
 20
104.5
  0
LWPOLYLINE
  5
2D8
100
AcDbEntity
  8
VIS_DETAIL
  6
ByLayer
 62
  256
370
   -1
100
AcDbPolyline
 90
    4
 70
    1
 43
0
 10
41
 20
85
 10
44
 20
85
 10
44
 20
88
 10
41
 20
88
  0
LWPOLYLINE
  5
2D9
100
AcDbEntity
  8
VIS_DETAIL
  6
ByLayer
 62
  256
370
   -1
100
AcDbPolyline
 90
    4
 70
    1
 43
0
 10
48
 20
85
 10
51
 20
85
 10
51
 20
88
 10
48
 20
88
  0
LWPOLYLINE
  5
2DA
100
AcDbEntity
  8
VIS_DETAIL
  6
ByLayer
 62
  256
370
   -1
100
AcDbPolyline
 90
    4
 70
    1
 43
0
 10
55
 20
85
 10
58
 20
85
 10
58
 20
88
 10
55
 20
88
  0
LWPOLYLINE
  5
2DB
100
AcDbEntity
  8
OBS_MACHINE
  6
ByLayer
 62
  256
370
   -1
100
AcDbPolyline
 90
    4
 70
    1
 43
0
 10
84
 20
88
 10
104
 20
88
 10
104
 20
104
 10
84
 20
104
  0
LWPOLYLINE
  5
2DC
100
AcDbEntity
  8
VIS_DETAIL
  6
ByLayer
 62
  256
370
   -1
100
AcDbPolyline
 90
    4
 70
    1
 43
0
 10
84.5
 20
88.5
 10
103.5
 20
88.5
 10
103.5
 20
103.5
 10
84.5
 20
103.5
  0
LWPOLYLINE
  5
2DD
100
AcDbEntity
  8
VIS_DETAIL
  6
ByLayer
 62
  256
370
   -1
100
AcDbPolyline
 90
    4
 70
    1
 43
0
 10
87
 20
90
 10
90
 20
90
 10
90
 20
93
 10
87
 20
93
  0
LWPOLYLINE
  5
2DE
100
AcDbEntity
  8
VIS_DETAIL
  6
ByLayer
 62
  256
370
   -1
100
AcDbPolyline
 90
    4
 70
    1
 43
0
 10
94
 20
90
 10
97
 20
90
 10
97
 20
93
 10
94
 20
93
  0
LWPOLYLINE
  5
2DF
100
AcDbEntity
  8
OBS_MACHINE
  6
ByLayer
 62
  256
370
   -1
100
AcDbPolyline
 90
    4
 70
    1
 43
0
 10
38
 20
135
 10
72
 20
135
 10
72
 20
159
 10
38
 20
159
  0
LWPOLYLINE
  5
2E0
100
AcDbEntity
  8
VIS_DETAIL
  6
ByLayer
 62
  256
370
   -1
100
AcDbPolyline
 90
    4
 70
    1
 43
0
 10
38.5
 20
135.5
 10
71.5
 20
135.5
 10
71.5
 20
158.5
 10
38.5
 20
158.5
  0
LWPOLYLINE
  5
2E1
100
AcDbEntity
  8
VIS_DETAIL
  6
ByLayer
 62
  256
370
   -1
100
AcDbPolyline
 90
    4
 70
    1
 43
0
 10
41
 20
137
 10
44
 20
137
 10
44
 20
140
 10
41
 20
140
  0
LWPOLYLINE
  5
2E2
100
AcDbEntity
  8
VIS_DETAIL
  6
ByLayer
 62
  256
370
   -1
100
AcDbPolyline
 90
    4
 70
    1
 43
0
 10
55
 20
137
 10
58
 20
137
 10
58
 20
140
 10
55
 20
140
  0
LWPOLYLINE
  5
2E3
100
AcDbEntity
  8
OBS_MACHINE
  6
ByLayer
 62
  256
370
   -1
100
AcDbPolyline
 90
    4
 70
    1
 43
0
 10
82
 20
139
 10
104
 20
139
 10
104
 20
173
 10
82
 20
173
  0
LWPOLYLINE
  5
2E4
100
AcDbEntity
  8
VIS_DETAIL
  6
ByLayer
 62
  256
370
   -1
100
AcDbPolyline
 90
    4
 70
    1
 43
0
 10
82.5
 20
139.5
 10
103.5
 20
139.5
 10
103.5
 20
172.5
 10
82.5
 20
172.5
  0
LWPOLYLINE
  5
2E5
100
AcDbEntity
  8
VIS_DETAIL
  6
ByLayer
 62
  256
370
   -1
100
AcDbPolyline
 90
    4
 70
    1
 43
0
 10
85
 20
141
 10
88
 20
141
 10
88
 20
144
 10
85
 20
144
  0
LWPOLYLINE
  5
2E6
100
AcDbEntity
  8
VIS_DETAIL
  6
ByLayer
 62
  256
370
   -1
100
AcDbPolyline
 90
    4
 70
    1
 43
0
 10
92
 20
141
 10
95
 20
141
 10
95
 20
144
 10
92
 20
144
  0
LWPOLYLINE
  5
2E7
100
AcDbEntity
  8
VIS_DETAIL
  6
ByLayer
 62
  256
370
   -1
100
AcDbPolyline
 90
    4
 70
    1
 43
0
 10
99
 20
141
 10
102
 20
141
 10
102
 20
144
 10
99
 20
144
  0
LWPOLYLINE
  5
2E8
100
AcDbEntity
  8
VIS_DETAIL
  6
ByLayer
 62
  256
370
   -1
100
AcDbPolyline
 90
    4
 70
    1
 43
0
 10
47
 20
187
 10
50
 20
187
 10
50
 20
190
 10
47
 20
190
  0
LWPOLYLINE
  5
2E9
100
AcDbEntity
  8
VIS_DETAIL
  6
ByLayer
 62
  256
370
   -1
100
AcDbPolyline
 90
    4
 70
    1
 43
0
 10
54
 20
187
 10
57
 20
187
 10
57
 20
190
 10
54
 20
190
  0
LWPOLYLINE
  5
2EA
100
AcDbEntity
  8
OBS_MACHINE
  6
ByLayer
 62
  256
370
   -1
100
AcDbPolyline
 90
    4
 70
    1
 43
0
 10
79
 20
191
 10
105
 20
191
 10
105
 20
207
 10
79
 20
207
  0
LWPOLYLINE
  5
2EB
100
AcDbEntity
  8
VIS_DETAIL
  6
ByLayer
 62
  256
370
   -1
100
AcDbPolyline
 90
    4
 70
    1
 43
0
 10
79.5
 20
191.5
 10
104.5
 20
191.5
 10
104.5
 20
206.5
 10
79.5
 20
206.5
  0
LWPOLYLINE
  5
2EC
100
AcDbEntity
  8
VIS_DETAIL
  6
ByLayer
 62
  256
370
   -1
100
AcDbPolyline
 90
    4
 70
    1
 43
0
 10
82
 20
193
 10
85
 20
193
 10
85
 20
196
 10
82
 20
196
  0
LWPOLYLINE
  5
2ED
100
AcDbEntity
  8
VIS_DETAIL
  6
ByLayer
 62
  256
370
   -1
100
AcDbPolyline
 90
    4
 70
    1
 43
0
 10
89
 20
193
 10
92
 20
193
 10
92
 20
196
 10
89
 20
196
  0
LWPOLYLINE
  5
2EE
100
AcDbEntity
  8
VIS_DETAIL
  6
ByLayer
 62
  256
370
   -1
100
AcDbPolyline
 90
    4
 70
    1
 43
0
 10
96
 20
193
 10
99
 20
193
 10
99
 20
196
 10
96
 20
196
  0
LWPOLYLINE
  5
2EF
100
AcDbEntity
  8
OBS_MACHINE
  6
ByLayer
 62
  256
370
   -1
100
AcDbPolyline
 90
    4
 70
    1
 43
0
 10
131
 20
61
 10
152
 20
61
 10
152
 20
77
 10
131
 20
77
  0
LWPOLYLINE
  5
2F0
100
AcDbEntity
  8
VIS_DETAIL
  6
ByLayer
 62
  256
370
   -1
100
AcDbPolyline
 90
    4
 70
    1
 43
0
 10
131.5
 20
61.5
 10
151.5
 20
61.5
 10
151.5
 20
76.5
 10
131.5
 20
76.5
  0
LWPOLYLINE
  5
2F1
100
AcDbEntity
  8
VIS_DETAIL
  6
ByLayer
 62
  256
370
   -1
100
AcDbPolyline
 90
    4
 70
    1
 43
0
 10
134
 20
63
 10
137
 20
63
 10
137
 20
66
 10
134
 20
66
  0
LWPOLYLINE
  5
2F2
100
AcDbEntity
  8
VIS_DETAIL
  6
ByLayer
 62
  256
370
   -1
100
AcDbPolyline
 90
    4
 70
    1
 43
0
 10
141
 20
63
 10
144
 20
63
 10
144
 20
66
 10
141
 20
66
  0
LWPOLYLINE
  5
2F3
100
AcDbEntity
  8
VIS_DETAIL
  6
ByLayer
 62
  256
370
   -1
100
AcDbPolyline
 90
    4
 70
    1
 43
0
 10
148
 20
63
 10
151
 20
63
 10
151
 20
66
 10
148
 20
66
  0
LWPOLYLINE
  5
2F4
100
AcDbEntity
  8
VIS_DETAIL
  6
ByLayer
 62
  256
370
   -1
100
AcDbPolyline
 90
    4
 70
    1
 43
0
 10
173
 20
65
 10
176
 20
65
 10
176
 20
68
 10
173
 20
68
  0
LWPOLYLINE
  5
2F5
100
AcDbEntity
  8
OBS_MACHINE
  6
ByLayer
 62
  256
370
   -1
100
AcDbPolyline
 90
    4
 70
    1
 43
0
 10
164
 20
139
 10
194
 20
139
 10
194
 20
163
 10
164
 20
163
  0
LWPOLYLINE
  5
2F6
100
AcDbEntity
  8
VIS_DETAIL
  6
ByLayer
 62
  256
370
   -1
100
AcDbPolyline
 90
    4
 70
    1
 43
0
 10
164.5
 20
139.5
 10
193.5
 20
139.5
 10
193.5
 20
162.5
 10
164.5
 20
162.5
  0
LWPOLYLINE
  5
2F7
100
AcDbEntity
  8
VIS_DETAIL
  6
ByLayer
 62
  256
370
   -1
100
AcDbPolyline
 90
    4
 70
    1
 43
0
 10
167
 20
141
 10
170
 20
141
 10
170
 20
144
 10
167
 20
144
  0
LWPOLYLINE
  5
2F8
100
AcDbEntity
  8
VIS_DETAIL
  6
ByLayer
 62
  256
370
   -1
100
AcDbPolyline
 90
    4
 70
    1
 43
0
 10
174
 20
141
 10
177
 20
141
 10
177
 20
144
 10
174
 20
144
  0
LWPOLYLINE
  5
2F9
100
AcDbEntity
  8
VIS_DETAIL
  6
ByLayer
 62
  256
370
   -1
100
AcDbPolyline
 90
    4
 70
    1
 43
0
 10
181
 20
141
 10
184
 20
141
 10
184
 20
144
 10
181
 20
144
  0
LWPOLYLINE
  5
2FA
100
AcDbEntity
  8
VIS_DETAIL
  6
ByLayer
 62
  256
370
   -1
100
AcDbPolyline
 90
    4
 70
    1
 43
0
 10
188
 20
141
 10
191
 20
141
 10
191
 20
144
 10
188
 20
144
  0
LWPOLYLINE
  5
2FB
100
AcDbEntity
  8
OBS_MACHINE
  6
ByLayer
 62
  256
370
   -1
100
AcDbPolyline
 90
    4
 70
    1
 43
0
 10
133
 20
196
 10
168
 20
196
 10
168
 20
209
 10
133
 20
209
  0
LWPOLYLINE
  5
2FC
100
AcDbEntity
  8
VIS_DETAIL
  6
ByLayer
 62
  256
370
   -1
100
AcDbPolyline
 90
    4
 70
    1
 43
0
 10
133.5
 20
196.5
 10
167.5
 20
196.5
 10
167.5
 20
208.5
 10
133.5
 20
208.5
  0
LWPOLYLINE
  5
2FD
100
AcDbEntity
  8
VIS_DETAIL
  6
ByLayer
 62
  256
370
   -1
100
AcDbPolyline
 90
    4
 70
    1
 43
0
 10
136
 20
198
 10
139
 20
198
 10
139
 20
201
 10
136
 20
201
  0
LWPOLYLINE
  5
2FE
100
AcDbEntity
  8
VIS_DETAIL
  6
ByLayer
 62
  256
370
   -1
100
AcDbPolyline
 90
    4
 70
    1
 43
0
 10
143
 20
198
 10
146
 20
198
 10
146
 20
201
 10
143
 20
201
  0
LWPOLYLINE
  5
2FF
100
AcDbEntity
  8
VIS_DETAIL
  6
ByLayer
 62
  256
370
   -1
100
AcDbPolyline
 90
    4
 70
    1
 43
0
 10
150
 20
198
 10
153
 20
198
 10
153
 20
201
 10
150
 20
201
  0
LWPOLYLINE
  5
300
100
AcDbEntity
  8
VIS_DETAIL
  6
ByLayer
 62
  256
370
   -1
100
AcDbPolyline
 90
    4
 70
    1
 43
0
 10
157
 20
198
 10
160
 20
198
 10
160
 20
201
 10
157
 20
201
  0
LWPOLYLINE
  5
301
100
AcDbEntity
  8
VIS_DETAIL
  6
ByLayer
 62
  256
370
   -1
100
AcDbPolyline
 90
    4
 70
    1
 43
0
 10
164
 20
198
 10
167
 20
198
 10
167
 20
201
 10
164
 20
201
  0
LWPOLYLINE
  5
302
100
AcDbEntity
  8
OBS_MACHINE
  6
ByLayer
 62
  256
370
   -1
100
AcDbPolyline
 90
    4
 70
    1
 43
0
 10
182
 20
198
 10
207
 20
198
 10
207
 20
211
 10
182
 20
211
  0
LWPOLYLINE
  5
303
100
AcDbEntity
  8
VIS_DETAIL
  6
ByLayer
 62
  256
370
   -1
100
AcDbPolyline
 90
    4
 70
    1
 43
0
 10
182.5
 20
198.5
 10
206.5
 20
198.5
 10
206.5
 20
210.5
 10
182.5
 20
210.5
  0
LWPOLYLINE
  5
304
100
AcDbEntity
  8
VIS_DETAIL
  6
ByLayer
 62
  256
370
   -1
100
AcDbPolyline
 90
    4
 70
    1
 43
0
 10
192
 20
200
 10
195
 20
200
 10
195
 20
203
 10
192
 20
203
  0
LWPOLYLINE
  5
305
100
AcDbEntity
  8
OBS_RACK
  6
ByLayer
 62
  256
370
   -1
100
AcDbPolyline
 90
    4
 70
    1
 43
0
 10
278
 20
38
 10
281
 20
38
 10
281
 20
74
 10
278
 20
74
  0
LWPOLYLINE
  5
306
100
AcDbEntity
  8
VIS_DETAIL
  6
ByLayer
 62
  256
370
   -1
100
AcDbPolyline
 90
    4
 70
    1
 43
0
 10
278.5
 20
38.5
 10
280.5
 20
38.5
 10
280.5
 20
73.5
 10
278.5
 20
73.5
  0
LINE
  5
307
100
AcDbEntity
  8
VIS_DETAIL
  6
ByLayer
 62
  256
370
   -1
100
AcDbLine
 10
278
 20
42
 11
281
 21
42
  0
LINE
  5
308
100
AcDbEntity
  8
VIS_DETAIL
  6
ByLayer
 62
  256
370
   -1
100
AcDbLine
 10
278
 20
46
 11
281
 21
46
  0
LINE
  5
309
100
AcDbEntity
  8
VIS_DETAIL
  6
ByLayer
 62
  256
370
   -1
100
AcDbLine
 10
278
 20
50
 11
281
 21
50
  0
LINE
  5
30A
100
AcDbEntity
  8
VIS_DETAIL
  6
ByLayer
 62
  256
370
   -1
100
AcDbLine
 10
278
 20
54
 11
281
 21
54
  0
LINE
  5
30B
100
AcDbEntity
  8
VIS_DETAIL
  6
ByLayer
 62
  256
370
   -1
100
AcDbLine
 10
278
 20
58
 11
281
 21
58
  0
LINE
  5
30C
100
AcDbEntity
  8
VIS_DETAIL
  6
ByLayer
 62
  256
370
   -1
100
AcDbLine
 10
278
 20
62
 11
281
 21
62
  0
LINE
  5
30D
100
AcDbEntity
  8
VIS_DETAIL
  6
ByLayer
 62
  256
370
   -1
100
AcDbLine
 10
278
 20
66
 11
281
 21
66
  0
LINE
  5
30E
100
AcDbEntity
  8
VIS_DETAIL
  6
ByLayer
 62
  256
370
   -1
100
AcDbLine
 10
278
 20
70
 11
281
 21
70
  0
LWPOLYLINE
  5
30F
100
AcDbEntity
  8
OBS_RACK
  6
ByLayer
 62
  256
370
   -1
100
AcDbPolyline
 90
    4
 70
    1
 43
0
 10
278
 20
98
 10
281
 20
98
 10
281
 20
122
 10
278
 20
122
  0
LWPOLYLINE
  5
310
100
AcDbEntity
  8
VIS_DETAIL
  6
ByLayer
 62
  256
370
   -1
100
AcDbPolyline
 90
    4
 70
    1
 43
0
 10
278.5
 20
98.5
 10
280.5
 20
98.5
 10
280.5
 20
121.5
 10
278.5
 20
121.5
  0
LINE
  5
311
100
AcDbEntity
  8
VIS_DETAIL
  6
ByLayer
 62
  256
370
   -1
100
AcDbLine
 10
278
 20
102
 11
281
 21
102
  0
LINE
  5
312
100
AcDbEntity
  8
VIS_DETAIL
  6
ByLayer
 62
  256
370
   -1
100
AcDbLine
 10
278
 20
106
 11
281
 21
106
  0
LINE
  5
313
100
AcDbEntity
  8
VIS_DETAIL
  6
ByLayer
 62
  256
370
   -1
100
AcDbLine
 10
278
 20
110
 11
281
 21
110
  0
LINE
  5
314
100
AcDbEntity
  8
VIS_DETAIL
  6
ByLayer
 62
  256
370
   -1
100
AcDbLine
 10
278
 20
114
 11
281
 21
114
  0
LINE
  5
315
100
AcDbEntity
  8
VIS_DETAIL
  6
ByLayer
 62
  256
370
   -1
100
AcDbLine
 10
278
 20
118
 11
281
 21
118
  0
LWPOLYLINE
  5
316
100
AcDbEntity
  8
OBS_RACK
  6
ByLayer
 62
  256
370
   -1
100
AcDbPolyline
 90
    4
 70
    1
 43
0
 10
309
 20
38
 10
312
 20
38
 10
312
 20
75
 10
309
 20
75
  0
LWPOLYLINE
  5
317
100
AcDbEntity
  8
VIS_DETAIL
  6
ByLayer
 62
  256
370
   -1
100
AcDbPolyline
 90
    4
 70
    1
 43
0
 10
309.5
 20
38.5
 10
311.5
 20
38.5
 10
311.5
 20
74.5
 10
309.5
 20
74.5
  0
LINE
  5
318
100
AcDbEntity
  8
VIS_DETAIL
  6
ByLayer
 62
  256
370
   -1
100
AcDbLine
 10
309
 20
42
 11
312
 21
42
  0
LINE
  5
319
100
AcDbEntity
  8
VIS_DETAIL
  6
ByLayer
 62
  256
370
   -1
100
AcDbLine
 10
309
 20
46
 11
312
 21
46
  0
LINE
  5
31A
100
AcDbEntity
  8
VIS_DETAIL
  6
ByLayer
 62
  256
370
   -1
100
AcDbLine
 10
309
 20
50
 11
312
 21
50
  0
LINE
  5
31B
100
AcDbEntity
  8
VIS_DETAIL
  6
ByLayer
 62
  256
370
   -1
100
AcDbLine
 10
309
 20
54
 11
312
 21
54
  0
LINE
  5
31C
100
AcDbEntity
  8
VIS_DETAIL
  6
ByLayer
 62
  256
370
   -1
100
AcDbLine
 10
309
 20
58
 11
312
 21
58
  0
LINE
  5
31D
100
AcDbEntity
  8
VIS_DETAIL
  6
ByLayer
 62
  256
370
   -1
100
AcDbLine
 10
309
 20
62
 11
312
 21
62
  0
LINE
  5
31E
100
AcDbEntity
  8
VIS_DETAIL
  6
ByLayer
 62
  256
370
   -1
100
AcDbLine
 10
309
 20
66
 11
312
 21
66
  0
LINE
  5
31F
100
AcDbEntity
  8
VIS_DETAIL
  6
ByLayer
 62
  256
370
   -1
100
AcDbLine
 10
309
 20
70
 11
312
 21
70
  0
LINE
  5
320
100
AcDbEntity
  8
VIS_DETAIL
  6
ByLayer
 62
  256
370
   -1
100
AcDbLine
 10
309
 20
74
 11
312
 21
74
  0
LWPOLYLINE
  5
321
100
AcDbEntity
  8
OBS_RACK
  6
ByLayer
 62
  256
370
   -1
100
AcDbPolyline
 90
    4
 70
    1
 43
0
 10
309
 20
99
 10
312
 20
99
 10
312
 20
119
 10
309
 20
119
  0
LWPOLYLINE
  5
322
100
AcDbEntity
  8
VIS_DETAIL
  6
ByLayer
 62
  256
370
   -1
100
AcDbPolyline
 90
    4
 70
    1
 43
0
 10
309.5
 20
99.5
 10
311.5
 20
99.5
 10
311.5
 20
118.5
 10
309.5
 20
118.5
  0
LINE
  5
323
100
AcDbEntity
  8
VIS_DETAIL
  6
ByLayer
 62
  256
370
   -1
100
AcDbLine
 10
309
 20
103
 11
312
 21
103
  0
LINE
  5
324
100
AcDbEntity
  8
VIS_DETAIL
  6
ByLayer
 62
  256
370
   -1
100
AcDbLine
 10
309
 20
107
 11
312
 21
107
  0
LINE
  5
325
100
AcDbEntity
  8
VIS_DETAIL
  6
ByLayer
 62
  256
370
   -1
100
AcDbLine
 10
309
 20
111
 11
312
 21
111
  0
LINE
  5
326
100
AcDbEntity
  8
VIS_DETAIL
  6
ByLayer
 62
  256
370
   -1
100
AcDbLine
 10
309
 20
115
 11
312
 21
115
  0
LWPOLYLINE
  5
327
100
AcDbEntity
  8
OBS_RACK
  6
ByLayer
 62
  256
370
   -1
100
AcDbPolyline
 90
    4
 70
    1
 43
0
 10
339
 20
38
 10
342
 20
38
 10
342
 20
72
 10
339
 20
72
  0
LWPOLYLINE
  5
328
100
AcDbEntity
  8
VIS_DETAIL
  6
ByLayer
 62
  256
370
   -1
100
AcDbPolyline
 90
    4
 70
    1
 43
0
 10
339.5
 20
38.5
 10
341.5
 20
38.5
 10
341.5
 20
71.5
 10
339.5
 20
71.5
  0
LINE
  5
329
100
AcDbEntity
  8
VIS_DETAIL
  6
ByLayer
 62
  256
370
   -1
100
AcDbLine
 10
339
 20
42
 11
342
 21
42
  0
LINE
  5
32A
100
AcDbEntity
  8
VIS_DETAIL
  6
ByLayer
 62
  256
370
   -1
100
AcDbLine
 10
339
 20
46
 11
342
 21
46
  0
LINE
  5
32B
100
AcDbEntity
  8
VIS_DETAIL
  6
ByLayer
 62
  256
370
   -1
100
AcDbLine
 10
339
 20
50
 11
342
 21
50
  0
LINE
  5
32C
100
AcDbEntity
  8
VIS_DETAIL
  6
ByLayer
 62
  256
370
   -1
100
AcDbLine
 10
339
 20
54
 11
342
 21
54
  0
LINE
  5
32D
100
AcDbEntity
  8
VIS_DETAIL
  6
ByLayer
 62
  256
370
   -1
100
AcDbLine
 10
339
 20
58
 11
342
 21
58
  0
LINE
  5
32E
100
AcDbEntity
  8
VIS_DETAIL
  6
ByLayer
 62
  256
370
   -1
100
AcDbLine
 10
339
 20
62
 11
342
 21
62
  0
LINE
  5
32F
100
AcDbEntity
  8
VIS_DETAIL
  6
ByLayer
 62
  256
370
   -1
100
AcDbLine
 10
339
 20
66
 11
342
 21
66
  0
LINE
  5
330
100
AcDbEntity
  8
VIS_DETAIL
  6
ByLayer
 62
  256
370
   -1
100
AcDbLine
 10
339
 20
70
 11
342
 21
70
  0
LWPOLYLINE
  5
331
100
AcDbEntity
  8
OBS_RACK
  6
ByLayer
 62
  256
370
   -1
100
AcDbPolyline
 90
    4
 70
    1
 43
0
 10
339
 20
98
 10
342
 20
98
 10
342
 20
121
 10
339
 20
121
  0
LWPOLYLINE
  5
332
100
AcDbEntity
  8
VIS_DETAIL
  6
ByLayer
 62
  256
370
   -1
100
AcDbPolyline
 90
    4
 70
    1
 43
0
 10
339.5
 20
98.5
 10
341.5
 20
98.5
 10
341.5
 20
120.5
 10
339.5
 20
120.5
  0
LINE
  5
333
100
AcDbEntity
  8
VIS_DETAIL
  6
ByLayer
 62
  256
370
   -1
100
AcDbLine
 10
339
 20
102
 11
342
 21
102
  0
LINE
  5
334
100
AcDbEntity
  8
VIS_DETAIL
  6
ByLayer
 62
  256
370
   -1
100
AcDbLine
 10
339
 20
106
 11
342
 21
106
  0
LINE
  5
335
100
AcDbEntity
  8
VIS_DETAIL
  6
ByLayer
 62
  256
370
   -1
100
AcDbLine
 10
339
 20
110
 11
342
 21
110
  0
LINE
  5
336
100
AcDbEntity
  8
VIS_DETAIL
  6
ByLayer
 62
  256
370
   -1
100
AcDbLine
 10
339
 20
114
 11
342
 21
114
  0
LINE
  5
337
100
AcDbEntity
  8
VIS_DETAIL
  6
ByLayer
 62
  256
370
   -1
100
AcDbLine
 10
339
 20
118
 11
342
 21
118
  0
LWPOLYLINE
  5
338
100
AcDbEntity
  8
OBS_RACK
  6
ByLayer
 62
  256
370
   -1
100
AcDbPolyline
 90
    4
 70
    1
 43
0
 10
371
 20
39
 10
374
 20
39
 10
374
 20
75
 10
371
 20
75
  0
LWPOLYLINE
  5
339
100
AcDbEntity
  8
VIS_DETAIL
  6
ByLayer
 62
  256
370
   -1
100
AcDbPolyline
 90
    4
 70
    1
 43
0
 10
371.5
 20
39.5
 10
373.5
 20
39.5
 10
373.5
 20
74.5
 10
371.5
 20
74.5
  0
LINE
  5
33A
100
AcDbEntity
  8
VIS_DETAIL
  6
ByLayer
 62
  256
370
   -1
100
AcDbLine
 10
371
 20
43
 11
374
 21
43
  0
LINE
  5
33B
100
AcDbEntity
  8
VIS_DETAIL
  6
ByLayer
 62
  256
370
   -1
100
AcDbLine
 10
371
 20
47
 11
374
 21
47
  0
LINE
  5
33C
100
AcDbEntity
  8
VIS_DETAIL
  6
ByLayer
 62
  256
370
   -1
100
AcDbLine
 10
371
 20
51
 11
374
 21
51
  0
LINE
  5
33D
100
AcDbEntity
  8
VIS_DETAIL
  6
ByLayer
 62
  256
370
   -1
100
AcDbLine
 10
371
 20
55
 11
374
 21
55
  0
LINE
  5
33E
100
AcDbEntity
  8
VIS_DETAIL
  6
ByLayer
 62
  256
370
   -1
100
AcDbLine
 10
371
 20
59
 11
374
 21
59
  0
LINE
  5
33F
100
AcDbEntity
  8
VIS_DETAIL
  6
ByLayer
 62
  256
370
   -1
100
AcDbLine
 10
371
 20
63
 11
374
 21
63
  0
LINE
  5
340
100
AcDbEntity
  8
VIS_DETAIL
  6
ByLayer
 62
  256
370
   -1
100
AcDbLine
 10
371
 20
67
 11
374
 21
67
  0
LINE
  5
341
100
AcDbEntity
  8
VIS_DETAIL
  6
ByLayer
 62
  256
370
   -1
100
AcDbLine
 10
371
 20
71
 11
374
 21
71
  0
LWPOLYLINE
  5
342
100
AcDbEntity
  8
OBS_RACK
  6
ByLayer
 62
  256
370
   -1
100
AcDbPolyline
 90
    4
 70
    1
 43
0
 10
371
 20
101
 10
374
 20
101
 10
374
 20
120
 10
371
 20
120
  0
LWPOLYLINE
  5
343
100
AcDbEntity
  8
VIS_DETAIL
  6
ByLayer
 62
  256
370
   -1
100
AcDbPolyline
 90
    4
 70
    1
 43
0
 10
371.5
 20
101.5
 10
373.5
 20
101.5
 10
373.5
 20
119.5
 10
371.5
 20
119.5
  0
LINE
  5
344
100
AcDbEntity
  8
VIS_DETAIL
  6
ByLayer
 62
  256
370
   -1
100
AcDbLine
 10
371
 20
105
 11
374
 21
105
  0
LINE
  5
345
100
AcDbEntity
  8
VIS_DETAIL
  6
ByLayer
 62
  256
370
   -1
100
AcDbLine
 10
371
 20
109
 11
374
 21
109
  0
LINE
  5
346
100
AcDbEntity
  8
VIS_DETAIL
  6
ByLayer
 62
  256
370
   -1
100
AcDbLine
 10
371
 20
113
 11
374
 21
113
  0
LINE
  5
347
100
AcDbEntity
  8
VIS_DETAIL
  6
ByLayer
 62
  256
370
   -1
100
AcDbLine
 10
371
 20
117
 11
374
 21
117
  0
LWPOLYLINE
  5
348
100
AcDbEntity
  8
OBS_RACK
  6
ByLayer
 62
  256
370
   -1
100
AcDbPolyline
 90
    4
 70
    1
 43
0
 10
279
 20
143
 10
282
 20
143
 10
282
 20
178
 10
279
 20
178
  0
LWPOLYLINE
  5
349
100
AcDbEntity
  8
VIS_DETAIL
  6
ByLayer
 62
  256
370
   -1
100
AcDbPolyline
 90
    4
 70
    1
 43
0
 10
279.5
 20
143.5
 10
281.5
 20
143.5
 10
281.5
 20
177.5
 10
279.5
 20
177.5
  0
LINE
  5
34A
100
AcDbEntity
  8
VIS_DETAIL
  6
ByLayer
 62
  256
370
   -1
100
AcDbLine
 10
279
 20
147
 11
282
 21
147
  0
LINE
  5
34B
100
AcDbEntity
  8
VIS_DETAIL
  6
ByLayer
 62
  256
370
   -1
100
AcDbLine
 10
279
 20
151
 11
282
 21
151
  0
LINE
  5
34C
100
AcDbEntity
  8
VIS_DETAIL
  6
ByLayer
 62
  256
370
   -1
100
AcDbLine
 10
279
 20
155
 11
282
 21
155
  0
LINE
  5
34D
100
AcDbEntity
  8
VIS_DETAIL
  6
ByLayer
 62
  256
370
   -1
100
AcDbLine
 10
279
 20
159
 11
282
 21
159
  0
LINE
  5
34E
100
AcDbEntity
  8
VIS_DETAIL
  6
ByLayer
 62
  256
370
   -1
100
AcDbLine
 10
279
 20
163
 11
282
 21
163
  0
LINE
  5
34F
100
AcDbEntity
  8
VIS_DETAIL
  6
ByLayer
 62
  256
370
   -1
100
AcDbLine
 10
279
 20
167
 11
282
 21
167
  0
LINE
  5
350
100
AcDbEntity
  8
VIS_DETAIL
  6
ByLayer
 62
  256
370
   -1
100
AcDbLine
 10
279
 20
171
 11
282
 21
171
  0
LINE
  5
351
100
AcDbEntity
  8
VIS_DETAIL
  6
ByLayer
 62
  256
370
   -1
100
AcDbLine
 10
279
 20
175
 11
282
 21
175
  0
LWPOLYLINE
  5
352
100
AcDbEntity
  8
OBS_RACK
  6
ByLayer
 62
  256
370
   -1
100
AcDbPolyline
 90
    4
 70
    1
 43
0
 10
279
 20
204
 10
282
 20
204
 10
282
 20
218
 10
279
 20
218
  0
LWPOLYLINE
  5
353
100
AcDbEntity
  8
VIS_DETAIL
  6
ByLayer
 62
  256
370
   -1
100
AcDbPolyline
 90
    4
 70
    1
 43
0
 10
279.5
 20
204.5
 10
281.5
 20
204.5
 10
281.5
 20
217.5
 10
279.5
 20
217.5
  0
LINE
  5
354
100
AcDbEntity
  8
VIS_DETAIL
  6
ByLayer
 62
  256
370
   -1
100
AcDbLine
 10
279
 20
208
 11
282
 21
208
  0
LINE
  5
355
100
AcDbEntity
  8
VIS_DETAIL
  6
ByLayer
 62
  256
370
   -1
100
AcDbLine
 10
279
 20
212
 11
282
 21
212
  0
LINE
  5
356
100
AcDbEntity
  8
VIS_DETAIL
  6
ByLayer
 62
  256
370
   -1
100
AcDbLine
 10
279
 20
216
 11
282
 21
216
  0
LWPOLYLINE
  5
357
100
AcDbEntity
  8
OBS_RACK
  6
ByLayer
 62
  256
370
   -1
100
AcDbPolyline
 90
    4
 70
    1
 43
0
 10
291
 20
144
 10
294
 20
144
 10
294
 20
176
 10
291
 20
176
  0
LWPOLYLINE
  5
358
100
AcDbEntity
  8
VIS_DETAIL
  6
ByLayer
 62
  256
370
   -1
100
AcDbPolyline
 90
    4
 70
    1
 43
0
 10
291.5
 20
144.5
 10
293.5
 20
144.5
 10
293.5
 20
175.5
 10
291.5
 20
175.5
  0
LINE
  5
359
100
AcDbEntity
  8
VIS_DETAIL
  6
ByLayer
 62
  256
370
   -1
100
AcDbLine
 10
291
 20
148
 11
294
 21
148
  0
LINE
  5
35A
100
AcDbEntity
  8
VIS_DETAIL
  6
ByLayer
 62
  256
370
   -1
100
AcDbLine
 10
291
 20
152
 11
294
 21
152
  0
LINE
  5
35B
100
AcDbEntity
  8
VIS_DETAIL
  6
ByLayer
 62
  256
370
   -1
100
AcDbLine
 10
291
 20
156
 11
294
 21
156
  0
LINE
  5
35C
100
AcDbEntity
  8
VIS_DETAIL
  6
ByLayer
 62
  256
370
   -1
100
AcDbLine
 10
291
 20
160
 11
294
 21
160
  0
LINE
  5
35D
100
AcDbEntity
  8
VIS_DETAIL
  6
ByLayer
 62
  256
370
   -1
100
AcDbLine
 10
291
 20
164
 11
294
 21
164
  0
LINE
  5
35E
100
AcDbEntity
  8
VIS_DETAIL
  6
ByLayer
 62
  256
370
   -1
100
AcDbLine
 10
291
 20
168
 11
294
 21
168
  0
LINE
  5
35F
100
AcDbEntity
  8
VIS_DETAIL
  6
ByLayer
 62
  256
370
   -1
100
AcDbLine
 10
291
 20
172
 11
294
 21
172
  0
LWPOLYLINE
  5
360
100
AcDbEntity
  8
OBS_RACK
  6
ByLayer
 62
  256
370
   -1
100
AcDbPolyline
 90
    4
 70
    1
 43
0
 10
291
 20
204
 10
294
 20
204
 10
294
 20
218
 10
291
 20
218
  0
LWPOLYLINE
  5
361
100
AcDbEntity
  8
VIS_DETAIL
  6
ByLayer
 62
  256
370
   -1
100
AcDbPolyline
 90
    4
 70
    1
 43
0
 10
291.5
 20
204.5
 10
293.5
 20
204.5
 10
293.5
 20
217.5
 10
291.5
 20
217.5
  0
LINE
  5
362
100
AcDbEntity
  8
VIS_DETAIL
  6
ByLayer
 62
  256
370
   -1
100
AcDbLine
 10
291
 20
208
 11
294
 21
208
  0
LINE
  5
363
100
AcDbEntity
  8
VIS_DETAIL
  6
ByLayer
 62
  256
370
   -1
100
AcDbLine
 10
291
 20
212
 11
294
 21
212
  0
LINE
  5
364
100
AcDbEntity
  8
VIS_DETAIL
  6
ByLayer
 62
  256
370
   -1
100
AcDbLine
 10
291
 20
216
 11
294
 21
216
  0
LWPOLYLINE
  5
365
100
AcDbEntity
  8
OBS_RACK
  6
ByLayer
 62
  256
370
   -1
100
AcDbPolyline
 90
    4
 70
    1
 43
0
 10
309
 20
148
 10
312
 20
148
 10
312
 20
176
 10
309
 20
176
  0
LWPOLYLINE
  5
366
100
AcDbEntity
  8
VIS_DETAIL
  6
ByLayer
 62
  256
370
   -1
100
AcDbPolyline
 90
    4
 70
    1
 43
0
 10
309.5
 20
148.5
 10
311.5
 20
148.5
 10
311.5
 20
175.5
 10
309.5
 20
175.5
  0
LINE
  5
367
100
AcDbEntity
  8
VIS_DETAIL
  6
ByLayer
 62
  256
370
   -1
100
AcDbLine
 10
309
 20
152
 11
312
 21
152
  0
LINE
  5
368
100
AcDbEntity
  8
VIS_DETAIL
  6
ByLayer
 62
  256
370
   -1
100
AcDbLine
 10
309
 20
156
 11
312
 21
156
  0
LINE
  5
369
100
AcDbEntity
  8
VIS_DETAIL
  6
ByLayer
 62
  256
370
   -1
100
AcDbLine
 10
309
 20
160
 11
312
 21
160
  0
LINE
  5
36A
100
AcDbEntity
  8
VIS_DETAIL
  6
ByLayer
 62
  256
370
   -1
100
AcDbLine
 10
309
 20
164
 11
312
 21
164
  0
LINE
  5
36B
100
AcDbEntity
  8
VIS_DETAIL
  6
ByLayer
 62
  256
370
   -1
100
AcDbLine
 10
309
 20
168
 11
312
 21
168
  0
LINE
  5
36C
100
AcDbEntity
  8
VIS_DETAIL
  6
ByLayer
 62
  256
370
   -1
100
AcDbLine
 10
309
 20
172
 11
312
 21
172
  0
LWPOLYLINE
  5
36D
100
AcDbEntity
  8
OBS_RACK
  6
ByLayer
 62
  256
370
   -1
100
AcDbPolyline
 90
    4
 70
    1
 43
0
 10
338
 20
146
 10
341
 20
146
 10
341
 20
177
 10
338
 20
177
  0
LWPOLYLINE
  5
36E
100
AcDbEntity
  8
VIS_DETAIL
  6
ByLayer
 62
  256
370
   -1
100
AcDbPolyline
 90
    4
 70
    1
 43
0
 10
338.5
 20
146.5
 10
340.5
 20
146.5
 10
340.5
 20
176.5
 10
338.5
 20
176.5
  0
LINE
  5
36F
100
AcDbEntity
  8
VIS_DETAIL
  6
ByLayer
 62
  256
370
   -1
100
AcDbLine
 10
338
 20
150
 11
341
 21
150
  0
LINE
  5
370
100
AcDbEntity
  8
VIS_DETAIL
  6
ByLayer
 62
  256
370
   -1
100
AcDbLine
 10
338
 20
154
 11
341
 21
154
  0
LINE
  5
371
100
AcDbEntity
  8
VIS_DETAIL
  6
ByLayer
 62
  256
370
   -1
100
AcDbLine
 10
338
 20
158
 11
341
 21
158
  0
LINE
  5
372
100
AcDbEntity
  8
VIS_DETAIL
  6
ByLayer
 62
  256
370
   -1
100
AcDbLine
 10
338
 20
162
 11
341
 21
162
  0
LINE
  5
373
100
AcDbEntity
  8
VIS_DETAIL
  6
ByLayer
 62
  256
370
   -1
100
AcDbLine
 10
338
 20
166
 11
341
 21
166
  0
LINE
  5
374
100
AcDbEntity
  8
VIS_DETAIL
  6
ByLayer
 62
  256
370
   -1
100
AcDbLine
 10
338
 20
170
 11
341
 21
170
  0
LINE
  5
375
100
AcDbEntity
  8
VIS_DETAIL
  6
ByLayer
 62
  256
370
   -1
100
AcDbLine
 10
338
 20
174
 11
341
 21
174
  0
LWPOLYLINE
  5
376
100
AcDbEntity
  8
OBS_RACK
  6
ByLayer
 62
  256
370
   -1
100
AcDbPolyline
 90
    4
 70
    1
 43
0
 10
338
 20
204
 10
341
 20
204
 10
341
 20
218
 10
338
 20
218
  0
LWPOLYLINE
  5
377
100
AcDbEntity
  8
VIS_DETAIL
  6
ByLayer
 62
  256
370
   -1
100
AcDbPolyline
 90
    4
 70
    1
 43
0
 10
338.5
 20
204.5
 10
340.5
 20
204.5
 10
340.5
 20
217.5
 10
338.5
 20
217.5
  0
LINE
  5
378
100
AcDbEntity
  8
VIS_DETAIL
  6
ByLayer
 62
  256
370
   -1
100
AcDbLine
 10
338
 20
208
 11
341
 21
208
  0
LINE
  5
379
100
AcDbEntity
  8
VIS_DETAIL
  6
ByLayer
 62
  256
370
   -1
100
AcDbLine
 10
338
 20
212
 11
341
 21
212
  0
LINE
  5
37A
100
AcDbEntity
  8
VIS_DETAIL
  6
ByLayer
 62
  256
370
   -1
100
AcDbLine
 10
338
 20
216
 11
341
 21
216
  0
LWPOLYLINE
  5
37B
100
AcDbEntity
  8
OBS_RACK
  6
ByLayer
 62
  256
370
   -1
100
AcDbPolyline
 90
    4
 70
    1
 43
0
 10
368
 20
145
 10
371
 20
145
 10
371
 20
178
 10
368
 20
178
  0
LWPOLYLINE
  5
37C
100
AcDbEntity
  8
VIS_DETAIL
  6
ByLayer
 62
  256
370
   -1
100
AcDbPolyline
 90
    4
 70
    1
 43
0
 10
368.5
 20
145.5
 10
370.5
 20
145.5
 10
370.5
 20
177.5
 10
368.5
 20
177.5
  0
LINE
  5
37D
100
AcDbEntity
  8
VIS_DETAIL
  6
ByLayer
 62
  256
370
   -1
100
AcDbLine
 10
368
 20
149
 11
371
 21
149
  0
LINE
  5
37E
100
AcDbEntity
  8
VIS_DETAIL
  6
ByLayer
 62
  256
370
   -1
100
AcDbLine
 10
368
 20
153
 11
371
 21
153
  0
LINE
  5
37F
100
AcDbEntity
  8
VIS_DETAIL
  6
ByLayer
 62
  256
370
   -1
100
AcDbLine
 10
368
 20
157
 11
371
 21
157
  0
LINE
  5
380
100
AcDbEntity
  8
VIS_DETAIL
  6
ByLayer
 62
  256
370
   -1
100
AcDbLine
 10
368
 20
161
 11
371
 21
161
  0
LINE
  5
381
100
AcDbEntity
  8
VIS_DETAIL
  6
ByLayer
 62
  256
370
   -1
100
AcDbLine
 10
368
 20
165
 11
371
 21
165
  0
LINE
  5
382
100
AcDbEntity
  8
VIS_DETAIL
  6
ByLayer
 62
  256
370
   -1
100
AcDbLine
 10
368
 20
169
 11
371
 21
169
  0
LINE
  5
383
100
AcDbEntity
  8
VIS_DETAIL
  6
ByLayer
 62
  256
370
   -1
100
AcDbLine
 10
368
 20
173
 11
371
 21
173
  0
LINE
  5
384
100
AcDbEntity
  8
VIS_DETAIL
  6
ByLayer
 62
  256
370
   -1
100
AcDbLine
 10
368
 20
177
 11
371
 21
177
  0
LWPOLYLINE
  5
385
100
AcDbEntity
  8
OBS_MACHINE
  6
ByLayer
 62
  256
370
   -1
100
AcDbPolyline
 90
    4
 70
    1
 43
0
 10
369
 20
204
 10
381
 20
204
 10
381
 20
218
 10
369
 20
218
  0
LWPOLYLINE
  5
386
100
AcDbEntity
  8
VIS_DETAIL
  6
ByLayer
 62
  256
370
   -1
100
AcDbPolyline
 90
    4
 70
    1
 43
0
 10
369.5
 20
204.5
 10
380.5
 20
204.5
 10
380.5
 20
217.5
 10
369.5
 20
217.5
  0
LWPOLYLINE
  5
387
100
AcDbEntity
  8
VIS_DETAIL
  6
ByLayer
 62
  256
370
   -1
100
AcDbPolyline
 90
    4
 70
    1
 43
0
 10
372
 20
206
 10
375
 20
206
 10
375
 20
209
 10
372
 20
209
  0
LWPOLYLINE
  5
388
100
AcDbEntity
  8
OBS_MACHINE
  6
ByLayer
 62
  256
370
   -1
100
AcDbPolyline
 90
    4
 70
    1
 43
0
 10
303
 20
203
 10
318
 20
203
 10
318
 20
218
 10
303
 20
218
  0
LWPOLYLINE
  5
389
100
AcDbEntity
  8
VIS_DETAIL
  6
ByLayer
 62
  256
370
   -1
100
AcDbPolyline
 90
    4
 70
    1
 43
0
 10
303.5
 20
203.5
 10
317.5
 20
203.5
 10
317.5
 20
217.5
 10
303.5
 20
217.5
  0
LWPOLYLINE
  5
38A
100
AcDbEntity
  8
VIS_DETAIL
  6
ByLayer
 62
  256
370
   -1
100
AcDbPolyline
 90
    4
 70
    1
 43
0
 10
306
 20
205
 10
309
 20
205
 10
309
 20
208
 10
306
 20
208
  0
LWPOLYLINE
  5
38B
100
AcDbEntity
  8
VIS_DETAIL
  6
ByLayer
 62
  256
370
   -1
100
AcDbPolyline
 90
    4
 70
    1
 43
0
 10
313
 20
205
 10
316
 20
205
 10
316
 20
208
 10
313
 20
208
  0
LWPOLYLINE
  5
38C
100
AcDbEntity
  8
VIS_DETAIL
  6
ByLayer
 62
  256
370
   -1
100
AcDbPolyline
 90
    4
 70
    1
 43
0
 10
376
 20
101
 10
379
 20
101
 10
379
 20
104
 10
376
 20
104
  0
LWPOLYLINE
  5
38D
100
AcDbEntity
  8
OBS_PAINT
  6
ByLayer
 62
  256
370
   -1
100
AcDbPolyline
 90
    4
 70
    1
 43
0
 10
249
 20
279
 10
265
 20
279
 10
265
 20
313
 10
249
 20
313
  0
LWPOLYLINE
  5
38E
100
AcDbEntity
  8
VIS_DETAIL
  6
ByLayer
 62
  256
370
   -1
100
AcDbPolyline
 90
    4
 70
    1
 43
0
 10
249.5
 20
279.5
 10
264.5
 20
279.5
 10
264.5
 20
312.5
 10
249.5
 20
312.5
  0
LWPOLYLINE
  5
38F
100
AcDbEntity
  8
VIS_DETAIL
  6
ByLayer
 62
  256
370
   -1
100
AcDbPolyline
 90
    4
 70
    1
 43
0
 10
251
 20
284
 10
252
 20
284
 10
252
 20
285.4
 10
251
 20
285.4
  0
LWPOLYLINE
  5
390
100
AcDbEntity
  8
VIS_DETAIL
  6
ByLayer
 62
  256
370
   -1
100
AcDbPolyline
 90
    4
 70
    1
 43
0
 10
262
 20
284
 10
263
 20
284
 10
263
 20
285.4
 10
262
 20
285.4
  0
LWPOLYLINE
  5
391
100
AcDbEntity
  8
VIS_DETAIL
  6
ByLayer
 62
  256
370
   -1
100
AcDbPolyline
 90
    4
 70
    1
 43
0
 10
251
 20
290
 10
252
 20
290
 10
252
 20
291.4
 10
251
 20
291.4
  0
LWPOLYLINE
  5
392
100
AcDbEntity
  8
VIS_DETAIL
  6
ByLayer
 62
  256
370
   -1
100
AcDbPolyline
 90
    4
 70
    1
 43
0
 10
262
 20
290
 10
263
 20
290
 10
263
 20
291.4
 10
262
 20
291.4
  0
LWPOLYLINE
  5
393
100
AcDbEntity
  8
VIS_DETAIL
  6
ByLayer
 62
  256
370
   -1
100
AcDbPolyline
 90
    4
 70
    1
 43
0
 10
251
 20
296
 10
252
 20
296
 10
252
 20
297.4
 10
251
 20
297.4
  0
LWPOLYLINE
  5
394
100
AcDbEntity
  8
VIS_DETAIL
  6
ByLayer
 62
  256
370
   -1
100
AcDbPolyline
 90
    4
 70
    1
 43
0
 10
262
 20
296
 10
263
 20
296
 10
263
 20
297.4
 10
262
 20
297.4
  0
LWPOLYLINE
  5
395
100
AcDbEntity
  8
VIS_DETAIL
  6
ByLayer
 62
  256
370
   -1
100
AcDbPolyline
 90
    4
 70
    1
 43
0
 10
251
 20
302
 10
252
 20
302
 10
252
 20
303.4
 10
251
 20
303.4
  0
LWPOLYLINE
  5
396
100
AcDbEntity
  8
VIS_DETAIL
  6
ByLayer
 62
  256
370
   -1
100
AcDbPolyline
 90
    4
 70
    1
 43
0
 10
262
 20
302
 10
263
 20
302
 10
263
 20
303.4
 10
262
 20
303.4
  0
LWPOLYLINE
  5
397
100
AcDbEntity
  8
VIS_DETAIL
  6
ByLayer
 62
  256
370
   -1
100
AcDbPolyline
 90
    4
 70
    1
 43
0
 10
251
 20
308
 10
252
 20
308
 10
252
 20
309.4
 10
251
 20
309.4
  0
LWPOLYLINE
  5
398
100
AcDbEntity
  8
VIS_DETAIL
  6
ByLayer
 62
  256
370
   -1
100
AcDbPolyline
 90
    4
 70
    1
 43
0
 10
262
 20
308
 10
263
 20
308
 10
263
 20
309.4
 10
262
 20
309.4
  0
LWPOLYLINE
  5
399
100
AcDbEntity
  8
VIS_CAR
  6
ByLayer
 62
  256
370
   -1
100
AcDbPolyline
 90
    4
 70
    1
 43
0
 10
255.9
 20
282
 10
258.1
 20
282
 10
258.1
 20
286.7
 10
255.9
 20
286.7
  0
LWPOLYLINE
  5
39A
100
AcDbEntity
  8
VIS_DETAIL
  6
ByLayer
 62
  256
370
   -1
100
AcDbPolyline
 90
    4
 70
    1
 43
0
 10
277
 20
287
 10
278
 20
287
 10
278
 20
288.4
 10
277
 20
288.4
  0
LWPOLYLINE
  5
39B
100
AcDbEntity
  8
VIS_DETAIL
  6
ByLayer
 62
  256
370
   -1
100
AcDbPolyline
 90
    4
 70
    1
 43
0
 10
285
 20
287
 10
286
 20
287
 10
286
 20
288.4
 10
285
 20
288.4
  0
LWPOLYLINE
  5
39C
100
AcDbEntity
  8
VIS_DETAIL
  6
ByLayer
 62
  256
370
   -1
100
AcDbPolyline
 90
    4
 70
    1
 43
0
 10
277
 20
293
 10
278
 20
293
 10
278
 20
294.4
 10
277
 20
294.4
  0
LWPOLYLINE
  5
39D
100
AcDbEntity
  8
VIS_DETAIL
  6
ByLayer
 62
  256
370
   -1
100
AcDbPolyline
 90
    4
 70
    1
 43
0
 10
285
 20
293
 10
286
 20
293
 10
286
 20
294.4
 10
285
 20
294.4
  0
LWPOLYLINE
  5
39E
100
AcDbEntity
  8
VIS_DETAIL
  6
ByLayer
 62
  256
370
   -1
100
AcDbPolyline
 90
    4
 70
    1
 43
0
 10
277
 20
299
 10
278
 20
299
 10
278
 20
300.4
 10
277
 20
300.4
  0
LWPOLYLINE
  5
39F
100
AcDbEntity
  8
VIS_DETAIL
  6
ByLayer
 62
  256
370
   -1
100
AcDbPolyline
 90
    4
 70
    1
 43
0
 10
285
 20
299
 10
286
 20
299
 10
286
 20
300.4
 10
285
 20
300.4
  0
LWPOLYLINE
  5
3A0
100
AcDbEntity
  8
VIS_DETAIL
  6
ByLayer
 62
  256
370
   -1
100
AcDbPolyline
 90
    4
 70
    1
 43
0
 10
277
 20
305
 10
278
 20
305
 10
278
 20
306.4
 10
277
 20
306.4
  0
LWPOLYLINE
  5
3A1
100
AcDbEntity
  8
VIS_DETAIL
  6
ByLayer
 62
  256
370
   -1
100
AcDbPolyline
 90
    4
 70
    1
 43
0
 10
285
 20
305
 10
286
 20
305
 10
286
 20
306.4
 10
285
 20
306.4
  0
LWPOLYLINE
  5
3A2
100
AcDbEntity
  8
VIS_CAR
  6
ByLayer
 62
  256
370
   -1
100
AcDbPolyline
 90
    4
 70
    1
 43
0
 10
280.4
 20
285
 10
282.6
 20
285
 10
282.6
 20
289.7
 10
280.4
 20
289.7
  0
LWPOLYLINE
  5
3A3
100
AcDbEntity
  8
OBS_PAINT
  6
ByLayer
 62
  256
370
   -1
100
AcDbPolyline
 90
    4
 70
    1
 43
0
 10
248
 20
340
 10
267
 20
340
 10
267
 20
373
 10
248
 20
373
  0
LWPOLYLINE
  5
3A4
100
AcDbEntity
  8
VIS_DETAIL
  6
ByLayer
 62
  256
370
   -1
100
AcDbPolyline
 90
    4
 70
    1
 43
0
 10
248.5
 20
340.5
 10
266.5
 20
340.5
 10
266.5
 20
372.5
 10
248.5
 20
372.5
  0
LWPOLYLINE
  5
3A5
100
AcDbEntity
  8
VIS_DETAIL
  6
ByLayer
 62
  256
370
   -1
100
AcDbPolyline
 90
    4
 70
    1
 43
0
 10
250
 20
345
 10
251
 20
345
 10
251
 20
346.4
 10
250
 20
346.4
  0
LWPOLYLINE
  5
3A6
100
AcDbEntity
  8
VIS_DETAIL
  6
ByLayer
 62
  256
370
   -1
100
AcDbPolyline
 90
    4
 70
    1
 43
0
 10
264
 20
345
 10
265
 20
345
 10
265
 20
346.4
 10
264
 20
346.4
  0
LWPOLYLINE
  5
3A7
100
AcDbEntity
  8
VIS_DETAIL
  6
ByLayer
 62
  256
370
   -1
100
AcDbPolyline
 90
    4
 70
    1
 43
0
 10
250
 20
351
 10
251
 20
351
 10
251
 20
352.4
 10
250
 20
352.4
  0
LWPOLYLINE
  5
3A8
100
AcDbEntity
  8
VIS_DETAIL
  6
ByLayer
 62
  256
370
   -1
100
AcDbPolyline
 90
    4
 70
    1
 43
0
 10
264
 20
351
 10
265
 20
351
 10
265
 20
352.4
 10
264
 20
352.4
  0
LWPOLYLINE
  5
3A9
100
AcDbEntity
  8
VIS_DETAIL
  6
ByLayer
 62
  256
370
   -1
100
AcDbPolyline
 90
    4
 70
    1
 43
0
 10
250
 20
357
 10
251
 20
357
 10
251
 20
358.4
 10
250
 20
358.4
  0
LWPOLYLINE
  5
3AA
100
AcDbEntity
  8
VIS_DETAIL
  6
ByLayer
 62
  256
370
   -1
100
AcDbPolyline
 90
    4
 70
    1
 43
0
 10
264
 20
357
 10
265
 20
357
 10
265
 20
358.4
 10
264
 20
358.4
  0
LWPOLYLINE
  5
3AB
100
AcDbEntity
  8
VIS_DETAIL
  6
ByLayer
 62
  256
370
   -1
100
AcDbPolyline
 90
    4
 70
    1
 43
0
 10
250
 20
363
 10
251
 20
363
 10
251
 20
364.4
 10
250
 20
364.4
  0
LWPOLYLINE
  5
3AC
100
AcDbEntity
  8
VIS_DETAIL
  6
ByLayer
 62
  256
370
   -1
100
AcDbPolyline
 90
    4
 70
    1
 43
0
 10
264
 20
363
 10
265
 20
363
 10
265
 20
364.4
 10
264
 20
364.4
  0
LWPOLYLINE
  5
3AD
100
AcDbEntity
  8
VIS_DETAIL
  6
ByLayer
 62
  256
370
   -1
100
AcDbPolyline
 90
    4
 70
    1
 43
0
 10
250
 20
369
 10
251
 20
369
 10
251
 20
370.4
 10
250
 20
370.4
  0
LWPOLYLINE
  5
3AE
100
AcDbEntity
  8
VIS_DETAIL
  6
ByLayer
 62
  256
370
   -1
100
AcDbPolyline
 90
    4
 70
    1
 43
0
 10
264
 20
369
 10
265
 20
369
 10
265
 20
370.4
 10
264
 20
370.4
  0
LWPOLYLINE
  5
3AF
100
AcDbEntity
  8
VIS_CAR
  6
ByLayer
 62
  256
370
   -1
100
AcDbPolyline
 90
    4
 70
    1
 43
0
 10
256.4
 20
343
 10
258.6
 20
343
 10
258.6
 20
347.7
 10
256.4
 20
347.7
  0
LWPOLYLINE
  5
3B0
100
AcDbEntity
  8
OBS_PAINT
  6
ByLayer
 62
  256
370
   -1
100
AcDbPolyline
 90
    4
 70
    1
 43
0
 10
277
 20
340
 10
288
 20
340
 10
288
 20
369
 10
277
 20
369
  0
LWPOLYLINE
  5
3B1
100
AcDbEntity
  8
VIS_DETAIL
  6
ByLayer
 62
  256
370
   -1
100
AcDbPolyline
 90
    4
 70
    1
 43
0
 10
277.5
 20
340.5
 10
287.5
 20
340.5
 10
287.5
 20
368.5
 10
277.5
 20
368.5
  0
LWPOLYLINE
  5
3B2
100
AcDbEntity
  8
VIS_DETAIL
  6
ByLayer
 62
  256
370
   -1
100
AcDbPolyline
 90
    4
 70
    1
 43
0
 10
279
 20
345
 10
280
 20
345
 10
280
 20
346.4
 10
279
 20
346.4
  0
LWPOLYLINE
  5
3B3
100
AcDbEntity
  8
VIS_DETAIL
  6
ByLayer
 62
  256
370
   -1
100
AcDbPolyline
 90
    4
 70
    1
 43
0
 10
285
 20
345
 10
286
 20
345
 10
286
 20
346.4
 10
285
 20
346.4
  0
LWPOLYLINE
  5
3B4
100
AcDbEntity
  8
VIS_DETAIL
  6
ByLayer
 62
  256
370
   -1
100
AcDbPolyline
 90
    4
 70
    1
 43
0
 10
279
 20
351
 10
280
 20
351
 10
280
 20
352.4
 10
279
 20
352.4
  0
LWPOLYLINE
  5
3B5
100
AcDbEntity
  8
VIS_DETAIL
  6
ByLayer
 62
  256
370
   -1
100
AcDbPolyline
 90
    4
 70
    1
 43
0
 10
285
 20
351
 10
286
 20
351
 10
286
 20
352.4
 10
285
 20
352.4
  0
LWPOLYLINE
  5
3B6
100
AcDbEntity
  8
VIS_DETAIL
  6
ByLayer
 62
  256
370
   -1
100
AcDbPolyline
 90
    4
 70
    1
 43
0
 10
279
 20
357
 10
280
 20
357
 10
280
 20
358.4
 10
279
 20
358.4
  0
LWPOLYLINE
  5
3B7
100
AcDbEntity
  8
VIS_DETAIL
  6
ByLayer
 62
  256
370
   -1
100
AcDbPolyline
 90
    4
 70
    1
 43
0
 10
285
 20
357
 10
286
 20
357
 10
286
 20
358.4
 10
285
 20
358.4
  0
LWPOLYLINE
  5
3B8
100
AcDbEntity
  8
VIS_DETAIL
  6
ByLayer
 62
  256
370
   -1
100
AcDbPolyline
 90
    4
 70
    1
 43
0
 10
279
 20
363
 10
280
 20
363
 10
280
 20
364.4
 10
279
 20
364.4
  0
LWPOLYLINE
  5
3B9
100
AcDbEntity
  8
VIS_DETAIL
  6
ByLayer
 62
  256
370
   -1
100
AcDbPolyline
 90
    4
 70
    1
 43
0
 10
285
 20
363
 10
286
 20
363
 10
286
 20
364.4
 10
285
 20
364.4
  0
LWPOLYLINE
  5
3BA
100
AcDbEntity
  8
VIS_CAR
  6
ByLayer
 62
  256
370
   -1
100
AcDbPolyline
 90
    4
 70
    1
 43
0
 10
281.4
 20
343
 10
283.6
 20
343
 10
283.6
 20
347.7
 10
281.4
 20
347.7
  0
LWPOLYLINE
  5
3BB
100
AcDbEntity
  8
OBS_PAINT
  6
ByLayer
 62
  256
370
   -1
100
AcDbPolyline
 90
    4
 70
    1
 43
0
 10
310
 20
279
 10
341
 20
279
 10
341
 20
313
 10
310
 20
313
  0
LWPOLYLINE
  5
3BC
100
AcDbEntity
  8
VIS_DETAIL
  6
ByLayer
 62
  256
370
   -1
100
AcDbPolyline
 90
    4
 70
    1
 43
0
 10
310.5
 20
279.5
 10
340.5
 20
279.5
 10
340.5
 20
312.5
 10
310.5
 20
312.5
  0
LWPOLYLINE
  5
3BD
100
AcDbEntity
  8
VIS_DETAIL
  6
ByLayer
 62
  256
370
   -1
100
AcDbPolyline
 90
    4
 70
    1
 43
0
 10
312
 20
284
 10
313
 20
284
 10
313
 20
285.4
 10
312
 20
285.4
  0
LWPOLYLINE
  5
3BE
100
AcDbEntity
  8
VIS_DETAIL
  6
ByLayer
 62
  256
370
   -1
100
AcDbPolyline
 90
    4
 70
    1
 43
0
 10
338
 20
284
 10
339
 20
284
 10
339
 20
285.4
 10
338
 20
285.4
  0
LWPOLYLINE
  5
3BF
100
AcDbEntity
  8
VIS_DETAIL
  6
ByLayer
 62
  256
370
   -1
100
AcDbPolyline
 90
    4
 70
    1
 43
0
 10
312
 20
290
 10
313
 20
290
 10
313
 20
291.4
 10
312
 20
291.4
  0
LWPOLYLINE
  5
3C0
100
AcDbEntity
  8
VIS_DETAIL
  6
ByLayer
 62
  256
370
   -1
100
AcDbPolyline
 90
    4
 70
    1
 43
0
 10
338
 20
290
 10
339
 20
290
 10
339
 20
291.4
 10
338
 20
291.4
  0
LWPOLYLINE
  5
3C1
100
AcDbEntity
  8
VIS_DETAIL
  6
ByLayer
 62
  256
370
   -1
100
AcDbPolyline
 90
    4
 70
    1
 43
0
 10
312
 20
296
 10
313
 20
296
 10
313
 20
297.4
 10
312
 20
297.4
  0
LWPOLYLINE
  5
3C2
100
AcDbEntity
  8
VIS_DETAIL
  6
ByLayer
 62
  256
370
   -1
100
AcDbPolyline
 90
    4
 70
    1
 43
0
 10
338
 20
296
 10
339
 20
296
 10
339
 20
297.4
 10
338
 20
297.4
  0
LWPOLYLINE
  5
3C3
100
AcDbEntity
  8
VIS_DETAIL
  6
ByLayer
 62
  256
370
   -1
100
AcDbPolyline
 90
    4
 70
    1
 43
0
 10
312
 20
302
 10
313
 20
302
 10
313
 20
303.4
 10
312
 20
303.4
  0
LWPOLYLINE
  5
3C4
100
AcDbEntity
  8
VIS_DETAIL
  6
ByLayer
 62
  256
370
   -1
100
AcDbPolyline
 90
    4
 70
    1
 43
0
 10
338
 20
302
 10
339
 20
302
 10
339
 20
303.4
 10
338
 20
303.4
  0
LWPOLYLINE
  5
3C5
100
AcDbEntity
  8
VIS_DETAIL
  6
ByLayer
 62
  256
370
   -1
100
AcDbPolyline
 90
    4
 70
    1
 43
0
 10
312
 20
308
 10
313
 20
308
 10
313
 20
309.4
 10
312
 20
309.4
  0
LWPOLYLINE
  5
3C6
100
AcDbEntity
  8
VIS_DETAIL
  6
ByLayer
 62
  256
370
   -1
100
AcDbPolyline
 90
    4
 70
    1
 43
0
 10
338
 20
308
 10
339
 20
308
 10
339
 20
309.4
 10
338
 20
309.4
  0
LWPOLYLINE
  5
3C7
100
AcDbEntity
  8
VIS_CAR
  6
ByLayer
 62
  256
370
   -1
100
AcDbPolyline
 90
    4
 70
    1
 43
0
 10
324.4
 20
282
 10
326.6
 20
282
 10
326.6
 20
286.7
 10
324.4
 20
286.7
  0
LWPOLYLINE
  5
3C8
100
AcDbEntity
  8
OBS_PAINT
  6
ByLayer
 62
  256
370
   -1
100
AcDbPolyline
 90
    4
 70
    1
 43
0
 10
310
 20
342
 10
342
 20
342
 10
342
 20
373
 10
310
 20
373
  0
LWPOLYLINE
  5
3C9
100
AcDbEntity
  8
VIS_DETAIL
  6
ByLayer
 62
  256
370
   -1
100
AcDbPolyline
 90
    4
 70
    1
 43
0
 10
310.5
 20
342.5
 10
341.5
 20
342.5
 10
341.5
 20
372.5
 10
310.5
 20
372.5
  0
LWPOLYLINE
  5
3CA
100
AcDbEntity
  8
VIS_DETAIL
  6
ByLayer
 62
  256
370
   -1
100
AcDbPolyline
 90
    4
 70
    1
 43
0
 10
312
 20
347
 10
313
 20
347
 10
313
 20
348.4
 10
312
 20
348.4
  0
LWPOLYLINE
  5
3CB
100
AcDbEntity
  8
VIS_DETAIL
  6
ByLayer
 62
  256
370
   -1
100
AcDbPolyline
 90
    4
 70
    1
 43
0
 10
339
 20
347
 10
340
 20
347
 10
340
 20
348.4
 10
339
 20
348.4
  0
LWPOLYLINE
  5
3CC
100
AcDbEntity
  8
VIS_DETAIL
  6
ByLayer
 62
  256
370
   -1
100
AcDbPolyline
 90
    4
 70
    1
 43
0
 10
312
 20
353
 10
313
 20
353
 10
313
 20
354.4
 10
312
 20
354.4
  0
LWPOLYLINE
  5
3CD
100
AcDbEntity
  8
VIS_DETAIL
  6
ByLayer
 62
  256
370
   -1
100
AcDbPolyline
 90
    4
 70
    1
 43
0
 10
339
 20
353
 10
340
 20
353
 10
340
 20
354.4
 10
339
 20
354.4
  0
LWPOLYLINE
  5
3CE
100
AcDbEntity
  8
VIS_DETAIL
  6
ByLayer
 62
  256
370
   -1
100
AcDbPolyline
 90
    4
 70
    1
 43
0
 10
312
 20
359
 10
313
 20
359
 10
313
 20
360.4
 10
312
 20
360.4
  0
LWPOLYLINE
  5
3CF
100
AcDbEntity
  8
VIS_DETAIL
  6
ByLayer
 62
  256
370
   -1
100
AcDbPolyline
 90
    4
 70
    1
 43
0
 10
339
 20
359
 10
340
 20
359
 10
340
 20
360.4
 10
339
 20
360.4
  0
LWPOLYLINE
  5
3D0
100
AcDbEntity
  8
VIS_DETAIL
  6
ByLayer
 62
  256
370
   -1
100
AcDbPolyline
 90
    4
 70
    1
 43
0
 10
312
 20
365
 10
313
 20
365
 10
313
 20
366.4
 10
312
 20
366.4
  0
LWPOLYLINE
  5
3D1
100
AcDbEntity
  8
VIS_DETAIL
  6
ByLayer
 62
  256
370
   -1
100
AcDbPolyline
 90
    4
 70
    1
 43
0
 10
339
 20
365
 10
340
 20
365
 10
340
 20
366.4
 10
339
 20
366.4
  0
LWPOLYLINE
  5
3D2
100
AcDbEntity
  8
VIS_CAR
  6
ByLayer
 62
  256
370
   -1
100
AcDbPolyline
 90
    4
 70
    1
 43
0
 10
324.9
 20
345
 10
327.1
 20
345
 10
327.1
 20
349.7
 10
324.9
 20
349.7
  0
LWPOLYLINE
  5
3D3
100
AcDbEntity
  8
VIS_DETAIL
  6
ByLayer
 62
  256
370
   -1
100
AcDbPolyline
 90
    4
 70
    1
 43
0
 10
41
 20
233
 10
44
 20
233
 10
44
 20
236
 10
41
 20
236
  0
LWPOLYLINE
  5
3D4
100
AcDbEntity
  8
VIS_DETAIL
  6
ByLayer
 62
  256
370
   -1
100
AcDbPolyline
 90
    4
 70
    1
 43
0
 10
86
 20
232
 10
89
 20
232
 10
89
 20
235
 10
86
 20
235
  0
LWPOLYLINE
  5
3D5
100
AcDbEntity
  8
OBS_CHARGER
  6
ByLayer
 62
  256
370
   -1
100
AcDbPolyline
 90
    4
 70
    1
 43
0
 10
157
 20
230
 10
163
 20
230
 10
163
 20
233
 10
157
 20
233
  0
LWPOLYLINE
  5
3D6
100
AcDbEntity
  8
VIS_DETAIL
  6
ByLayer
 62
  256
370
   -1
100
AcDbPolyline
 90
    4
 70
    1
 43
0
 10
157.5
 20
230.5
 10
162.5
 20
230.5
 10
162.5
 20
232.5
 10
157.5
 20
232.5
  0
LWPOLYLINE
  5
3D7
100
AcDbEntity
  8
VIS_DETAIL
  6
ByLayer
 62
  256
370
   -1
100
AcDbPolyline
 90
    4
 70
    1
 43
0
 10
199
 20
234
 10
202
 20
234
 10
202
 20
237
 10
199
 20
237
  0
LWPOLYLINE
  5
3D8
100
AcDbEntity
  8
OBS_CHARGER
  6
ByLayer
 62
  256
370
   -1
100
AcDbPolyline
 90
    4
 70
    1
 43
0
 10
309
 20
253
 10
315
 20
253
 10
315
 20
256
 10
309
 20
256
  0
LWPOLYLINE
  5
3D9
100
AcDbEntity
  8
VIS_DETAIL
  6
ByLayer
 62
  256
370
   -1
100
AcDbPolyline
 90
    4
 70
    1
 43
0
 10
309.5
 20
253.5
 10
314.5
 20
253.5
 10
314.5
 20
255.5
 10
309.5
 20
255.5
  0
LWPOLYLINE
  5
3DA
100
AcDbEntity
  8
OBS_CHARGER
  6
ByLayer
 62
  256
370
   -1
100
AcDbPolyline
 90
    4
 70
    1
 43
0
 10
341
 20
253
 10
348
 20
253
 10
348
 20
256
 10
341
 20
256
  0
LWPOLYLINE
  5
3DB
100
AcDbEntity
  8
VIS_DETAIL
  6
ByLayer
 62
  256
370
   -1
100
AcDbPolyline
 90
    4
 70
    1
 43
0
 10
341.5
 20
253.5
 10
347.5
 20
253.5
 10
347.5
 20
255.5
 10
341.5
 20
255.5
  0
LWPOLYLINE
  5
3DC
100
AcDbEntity
  8
NAV_DOCK
  6
ByLayer
 62
  256
370
   -1
100
AcDbPolyline
 90
    4
 70
    1
 43
0
 10
52.5
 20
128.5
 10
57.5
 20
128.5
 10
57.5
 20
133.5
 10
52.5
 20
133.5
  0
TEXT
  5
3DD
100
AcDbEntity
  8
VIS_TEXT
  6
ByLayer
 62
  256
370
   -1
100
AcDbText
 10
55
 20
131
 30
0
 40
0.85
  1
ASM-05
 50
0
 41
1
 51
0
  7
STANDARD
 71
    0
 72
    1
 11
55
 21
131
 31
0
210
0
220
0
230
1
100
AcDbText
 73
    2
  0
LWPOLYLINE
  5
3DE
100
AcDbEntity
  8
NAV_DOCK
  6
ByLayer
 62
  256
370
   -1
100
AcDbPolyline
 90
    4
 70
    1
 43
0
 10
148
 20
210.5
 10
153
 20
210.5
 10
153
 20
215.5
 10
148
 20
215.5
  0
TEXT
  5
3DF
100
AcDbEntity
  8
VIS_TEXT
  6
ByLayer
 62
  256
370
   -1
100
AcDbText
 10
87.5
 20
226
 30
0
 40
0.85
  1
CH-2
 50
0
 41
1
 51
0
  7
STANDARD
 71
    0
 72
    1
 11
87.5
 21
226
 31
0
210
0
220
0
230
1
100
AcDbText
 73
    2
  0
LWPOLYLINE
  5
3E0
100
AcDbEntity
  8
NAV_DOCK
  6
ByLayer
 62
  256
370
   -1
100
AcDbPolyline
 90
    4
 70
    1
 43
0
 10
189.5
 20
231
 10
194.5
 20
231
 10
194.5
 20
236
 10
189.5
 20
236
  0
LWPOLYLINE
  5
3E1
100
AcDbEntity
  8
VIS_DETAIL
  6
ByLayer
 62
  256
370
   -1
100
AcDbPolyline
 90
    4
 70
    1
 43
0
 10
197
 20
207
 10
200
 20
207
 10
200
 20
210
 10
197
 20
210
  0
LWPOLYLINE
  5
3E2
100
AcDbEntity
  8
OBS_MACHINE
  6
ByLayer
 62
  256
370
   -1
100
AcDbPolyline
 90
    4
 70
    1
 43
0
 10
159.5
 20
113.5
 10
181.5
 20
113.5
 10
181.5
 20
130.5
 10
159.5
 20
130.5
  0
LWPOLYLINE
  5
3E3
100
AcDbEntity
  8
VIS_DETAIL
  6
ByLayer
 62
  256
370
   -1
100
AcDbPolyline
 90
    4
 70
    1
 43
0
 10
160
 20
114
 10
181
 20
114
 10
181
 20
130
 10
160
 20
130
  0
LWPOLYLINE
  5
3E4
100
AcDbEntity
  8
VIS_DETAIL
  6
ByLayer
 62
  256
370
   -1
100
AcDbPolyline
 90
    4
 70
    1
 43
0
 10
167
 20
120
 10
170
 20
120
 10
170
 20
123
 10
167
 20
123
  0
LWPOLYLINE
  5
3E5
100
AcDbEntity
  8
VIS_DETAIL
  6
ByLayer
 62
  256
370
   -1
100
AcDbPolyline
 90
    4
 70
    1
 43
0
 10
177
 20
120
 10
180
 20
120
 10
180
 20
123
 10
177
 20
123
  0
LWPOLYLINE
  5
3E6
100
AcDbEntity
  8
VIS_DETAIL
  6
ByLayer
 62
  256
370
   -1
100
AcDbPolyline
 90
    4
 70
    1
 43
0
 10
167
 20
117
 10
170
 20
117
 10
170
 20
120
 10
167
 20
120
  0
LWPOLYLINE
  5
3E7
100
AcDbEntity
  8
VIS_DETAIL
  6
ByLayer
 62
  256
370
   -1
100
AcDbPolyline
 90
    4
 70
    1
 43
0
 10
62
 20
147
 10
65
 20
147
 10
65
 20
150
 10
62
 20
150
  0
LWPOLYLINE
  5
3E8
100
AcDbEntity
  8
VIS_DETAIL
  6
ByLayer
 62
  256
370
   -1
100
AcDbPolyline
 90
    4
 70
    1
 43
0
 10
47
 20
147
 10
50
 20
147
 10
50
 20
150
 10
47
 20
150
  0
LWPOLYLINE
  5
3E9
100
AcDbEntity
  8
OBS_MACHINE
  6
ByLayer
 62
  256
370
   -1
100
AcDbPolyline
 90
    4
 70
    1
 43
0
 10
40
 20
180
 10
64
 20
180
 10
64
 20
199
 10
40
 20
199
  0
LWPOLYLINE
  5
3EA
100
AcDbEntity
  8
VIS_DETAIL
  6
ByLayer
 62
  256
370
   -1
100
AcDbPolyline
 90
    4
 70
    1
 43
0
 10
40.5
 20
180.5
 10
63.5
 20
180.5
 10
63.5
 20
198.5
 10
40.5
 20
198.5
  0
LWPOLYLINE
  5
3EB
100
AcDbEntity
  8
VIS_DETAIL
  6
ByLayer
 62
  256
370
   -1
100
AcDbPolyline
 90
    4
 70
    1
 43
0
 10
47
 20
190
 10
50
 20
190
 10
50
 20
193
 10
47
 20
193
  0
LWPOLYLINE
  5
3EC
100
AcDbEntity
  8
OBS_PAINT
  6
ByLayer
 62
  256
370
   -1
100
AcDbPolyline
 90
    4
 70
    1
 43
0
 10
274
 20
283
 10
287
 20
283
 10
287
 20
313
 10
274
 20
313
  0
LWPOLYLINE
  5
3ED
100
AcDbEntity
  8
VIS_DETAIL
  6
ByLayer
 62
  256
370
   -1
100
AcDbPolyline
 90
    4
 70
    1
 43
0
 10
274.5
 20
283.5
 10
286.5
 20
283.5
 10
286.5
 20
312.5
 10
274.5
 20
312.5
  0
LWPOLYLINE
  5
3EE
100
AcDbEntity
  8
OBS_MACHINE
  6
ByLayer
 62
  256
370
   -1
100
AcDbPolyline
 90
    4
 70
    1
 43
0
 10
367
 20
100
 10
382
 20
100
 10
382
 20
121
 10
367
 20
121
  0
LWPOLYLINE
  5
3EF
100
AcDbEntity
  8
VIS_DETAIL
  6
ByLayer
 62
  256
370
   -1
100
AcDbPolyline
 90
    4
 70
    1
 43
0
 10
367.5
 20
100.5
 10
381.5
 20
100.5
 10
381.5
 20
120.5
 10
367.5
 20
120.5
  0
LWPOLYLINE
  5
3F0
100
AcDbEntity
  8
OBS_RACK
  6
ByLayer
 62
  256
370
   -1
100
AcDbPolyline
 90
    4
 70
    1
 43
0
 10
352
 20
42
 10
355
 20
42
 10
355
 20
72
 10
352
 20
72
  0
LWPOLYLINE
  5
3F1
100
AcDbEntity
  8
VIS_DETAIL
  6
ByLayer
 62
  256
370
   -1
100
AcDbPolyline
 90
    4
 70
    1
 43
0
 10
352.5
 20
42.5
 10
354.5
 20
42.5
 10
354.5
 20
71.5
 10
352.5
 20
71.5
  0
LINE
  5
3F2
100
AcDbEntity
  8
VIS_DETAIL
  6
ByLayer
 62
  256
370
   -1
100
AcDbLine
 10
352
 20
46
 11
355
 21
46
  0
LINE
  5
3F3
100
AcDbEntity
  8
VIS_DETAIL
  6
ByLayer
 62
  256
370
   -1
100
AcDbLine
 10
352
 20
50
 11
355
 21
50
  0
LINE
  5
3F4
100
AcDbEntity
  8
VIS_DETAIL
  6
ByLayer
 62
  256
370
   -1
100
AcDbLine
 10
352
 20
54
 11
355
 21
54
  0
LINE
  5
3F5
100
AcDbEntity
  8
VIS_DETAIL
  6
ByLayer
 62
  256
370
   -1
100
AcDbLine
 10
352
 20
58
 11
355
 21
58
  0
LINE
  5
3F6
100
AcDbEntity
  8
VIS_DETAIL
  6
ByLayer
 62
  256
370
   -1
100
AcDbLine
 10
352
 20
62
 11
355
 21
62
  0
LINE
  5
3F7
100
AcDbEntity
  8
VIS_DETAIL
  6
ByLayer
 62
  256
370
   -1
100
AcDbLine
 10
352
 20
66
 11
355
 21
66
  0
LINE
  5
3F8
100
AcDbEntity
  8
VIS_DETAIL
  6
ByLayer
 62
  256
370
   -1
100
AcDbLine
 10
352
 20
70
 11
355
 21
70
  0
LWPOLYLINE
  5
3F9
100
AcDbEntity
  8
OBS_RACK
  6
ByLayer
 62
  256
370
   -1
100
AcDbPolyline
 90
    4
 70
    1
 43
0
 10
286
 20
40
 10
289
 20
40
 10
289
 20
71
 10
286
 20
71
  0
LWPOLYLINE
  5
3FA
100
AcDbEntity
  8
VIS_DETAIL
  6
ByLayer
 62
  256
370
   -1
100
AcDbPolyline
 90
    4
 70
    1
 43
0
 10
286.5
 20
40.5
 10
288.5
 20
40.5
 10
288.5
 20
70.5
 10
286.5
 20
70.5
  0
LINE
  5
3FB
100
AcDbEntity
  8
VIS_DETAIL
  6
ByLayer
 62
  256
370
   -1
100
AcDbLine
 10
286
 20
44
 11
289
 21
44
  0
LINE
  5
3FC
100
AcDbEntity
  8
VIS_DETAIL
  6
ByLayer
 62
  256
370
   -1
100
AcDbLine
 10
286
 20
48
 11
289
 21
48
  0
LINE
  5
3FD
100
AcDbEntity
  8
VIS_DETAIL
  6
ByLayer
 62
  256
370
   -1
100
AcDbLine
 10
286
 20
52
 11
289
 21
52
  0
LINE
  5
3FE
100
AcDbEntity
  8
VIS_DETAIL
  6
ByLayer
 62
  256
370
   -1
100
AcDbLine
 10
286
 20
56
 11
289
 21
56
  0
LINE
  5
3FF
100
AcDbEntity
  8
VIS_DETAIL
  6
ByLayer
 62
  256
370
   -1
100
AcDbLine
 10
286
 20
60
 11
289
 21
60
  0
LINE
  5
400
100
AcDbEntity
  8
VIS_DETAIL
  6
ByLayer
 62
  256
370
   -1
100
AcDbLine
 10
286
 20
64
 11
289
 21
64
  0
LINE
  5
401
100
AcDbEntity
  8
VIS_DETAIL
  6
ByLayer
 62
  256
370
   -1
100
AcDbLine
 10
286
 20
68
 11
289
 21
68
  0
LWPOLYLINE
  5
402
100
AcDbEntity
  8
OBS_RACK
  6
ByLayer
 62
  256
370
   -1
100
AcDbPolyline
 90
    4
 70
    1
 43
0
 10
285.5
 20
97.5
 10
288.5
 20
97.5
 10
288.5
 20
122.5
 10
285.5
 20
122.5
  0
LWPOLYLINE
  5
403
100
AcDbEntity
  8
VIS_DETAIL
  6
ByLayer
 62
  256
370
   -1
100
AcDbPolyline
 90
    4
 70
    1
 43
0
 10
286
 20
98
 10
288
 20
98
 10
288
 20
122
 10
286
 20
122
  0
LINE
  5
404
100
AcDbEntity
  8
VIS_DETAIL
  6
ByLayer
 62
  256
370
   -1
100
AcDbLine
 10
285.5
 20
101.5
 11
288.5
 21
101.5
  0
LINE
  5
405
100
AcDbEntity
  8
VIS_DETAIL
  6
ByLayer
 62
  256
370
   -1
100
AcDbLine
 10
285.5
 20
105.5
 11
288.5
 21
105.5
  0
LINE
  5
406
100
AcDbEntity
  8
VIS_DETAIL
  6
ByLayer
 62
  256
370
   -1
100
AcDbLine
 10
285.5
 20
109.5
 11
288.5
 21
109.5
  0
LINE
  5
407
100
AcDbEntity
  8
VIS_DETAIL
  6
ByLayer
 62
  256
370
   -1
100
AcDbLine
 10
285.5
 20
113.5
 11
288.5
 21
113.5
  0
LINE
  5
408
100
AcDbEntity
  8
VIS_DETAIL
  6
ByLayer
 62
  256
370
   -1
100
AcDbLine
 10
285.5
 20
117.5
 11
288.5
 21
117.5
  0
LINE
  5
409
100
AcDbEntity
  8
VIS_DETAIL
  6
ByLayer
 62
  256
370
   -1
100
AcDbLine
 10
285.5
 20
121.5
 11
288.5
 21
121.5
  0
LWPOLYLINE
  5
40A
100
AcDbEntity
  8
OBS_RACK
  6
ByLayer
 62
  256
370
   -1
100
AcDbPolyline
 90
    4
 70
    1
 43
0
 10
352
 20
100
 10
355
 20
100
 10
355
 20
121
 10
352
 20
121
  0
LWPOLYLINE
  5
40B
100
AcDbEntity
  8
VIS_DETAIL
  6
ByLayer
 62
  256
370
   -1
100
AcDbPolyline
 90
    4
 70
    1
 43
0
 10
352.5
 20
100.5
 10
354.5
 20
100.5
 10
354.5
 20
120.5
 10
352.5
 20
120.5
  0
LINE
  5
40C
100
AcDbEntity
  8
VIS_DETAIL
  6
ByLayer
 62
  256
370
   -1
100
AcDbLine
 10
352
 20
104
 11
355
 21
104
  0
LINE
  5
40D
100
AcDbEntity
  8
VIS_DETAIL
  6
ByLayer
 62
  256
370
   -1
100
AcDbLine
 10
352
 20
108
 11
355
 21
108
  0
LINE
  5
40E
100
AcDbEntity
  8
VIS_DETAIL
  6
ByLayer
 62
  256
370
   -1
100
AcDbLine
 10
352
 20
112
 11
355
 21
112
  0
LINE
  5
40F
100
AcDbEntity
  8
VIS_DETAIL
  6
ByLayer
 62
  256
370
   -1
100
AcDbLine
 10
352
 20
116
 11
355
 21
116
  0
LINE
  5
410
100
AcDbEntity
  8
VIS_DETAIL
  6
ByLayer
 62
  256
370
   -1
100
AcDbLine
 10
352
 20
120
 11
355
 21
120
  0
LWPOLYLINE
  5
411
100
AcDbEntity
  8
VIS_DETAIL
  6
ByLayer
 62
  256
370
   -1
100
AcDbPolyline
 90
    4
 70
    1
 43
0
 10
173
 20
73
 10
176
 20
73
 10
176
 20
76
 10
173
 20
76
  0
LWPOLYLINE
  5
412
100
AcDbEntity
  8
OBS_MACHINE
  6
ByLayer
 62
  256
370
   -1
100
AcDbPolyline
 90
    4
 70
    1
 43
0
 10
162.5
 20
61.5
 10
180.5
 20
61.5
 10
180.5
 20
78.5
 10
162.5
 20
78.5
  0
LWPOLYLINE
  5
413
100
AcDbEntity
  8
VIS_DETAIL
  6
ByLayer
 62
  256
370
   -1
100
AcDbPolyline
 90
    4
 70
    1
 43
0
 10
163
 20
62
 10
180
 20
62
 10
180
 20
78
 10
163
 20
78
  0
LWPOLYLINE
  5
414
100
AcDbEntity
  8
OBS_CONVEYOR
  6
ByLayer
 62
  256
370
   -1
100
AcDbPolyline
 90
   12
 70
    1
 43
0
 10
191
 20
51
 10
191
 20
88
 10
146
 20
88
 10
146
 20
186
 10
205
 20
186
 10
205
 20
178
 10
154
 20
178
 10
154
 20
96
 10
199
 20
96
 10
199
 20
43
 10
138
 20
43
 10
138
 20
51
  0
ENDSEC
  0
SECTION
  2
OBJECTS
  0
DICTIONARY
  5
C
330
0
100
AcDbDictionary
281
    1
  3
ACAD_GROUP
350
D
  0
DICTIONARY
  5
D
330
C
100
AcDbDictionary
281
    1
  0
PLOTSETTINGS
  5
415
100
AcDbPlotSettings
  6
1x1
 40
0
 41
0
 42
0
 43
0
  0
ENDSEC
  0
EOF
